#
# There is insufficient memory for the Java Runtime Environment to continue.
# Native memory allocation (mmap) failed to map 1256194048 bytes. Error detail: G1 virtual space
# Possible reasons:
#   The system is out of physical RAM or swap space
#   This process is running with CompressedOops enabled, and the Java Heap may be blocking the growth of the native heap
# Possible solutions:
#   Reduce memory load on the system
#   Increase physical memory or swap space
#   Check if swap backing store is full
#   Decrease Java heap size (-Xmx/-Xms)
#   Decrease number of Java threads
#   Decrease Java thread stack sizes (-Xss)
#   Set larger code cache with -XX:ReservedCodeCacheSize=
#   JVM is running with Zero Based Compressed Oops mode in which the Java heap is
#     placed in the first 32GB address space. The Java Heap base address is the
#     maximum limit for the native heap growth. Please use -XX:HeapBaseMinAddress
#     to set the Java Heap base and to place the Java Heap above 32GB virtual address.
# This output file may be truncated or incomplete.
#
#  Out of Memory Error (os_windows.cpp:3898), pid=21516, tid=19104
#
# JRE version: OpenJDK Runtime Environment (21.0.6) (build 21.0.6+-13368085-b895.109)
# Java VM: OpenJDK 64-Bit Server VM (21.0.6+-13368085-b895.109, mixed mode, tiered, compressed oops, compressed class ptrs, g1 gc, windows-amd64)
# No core dump will be written. Minidumps are not enabled by default on client versions of Windows
#

---------------  S U M M A R Y ------------

Command Line: -XX:+HeapDumpOnOutOfMemoryError --add-opens=java.base/java.util=ALL-UNNAMED --add-opens=java.base/java.lang=ALL-UNNAMED --add-opens=java.base/java.lang.invoke=ALL-UNNAMED --add-opens=java.prefs/java.util.prefs=ALL-UNNAMED --add-exports=jdk.compiler/com.sun.tools.javac.api=ALL-UNNAMED --add-exports=jdk.compiler/com.sun.tools.javac.util=ALL-UNNAMED --add-opens=java.base/java.nio.charset=ALL-UNNAMED --add-opens=java.base/java.net=ALL-UNNAMED --add-opens=java.base/java.util.concurrent.atomic=ALL-UNNAMED -Xmx4096m -Dfile.encoding=UTF-8 -Duser.country=MY -Duser.language=en -Duser.variant -javaagent:C:\Users\User\.gradle\wrapper\dists\gradle-8.10.2-all\7iv73wktx1xtkvlq19urqw1wm\gradle-8.10.2\lib\agents\gradle-instrumentation-agent-8.10.2.jar org.gradle.launcher.daemon.bootstrap.GradleDaemon 8.10.2

Host: Intel(R) Core(TM) i5-10210U CPU @ 1.60GHz, 8 cores, 3G,  Windows 10 , 64 bit Build 19041 (10.0.19041.5794)
Time: Thu May 29 05:08:33 2025 Malay Peninsula Standard Time elapsed time: 424.672635 seconds (0d 0h 7m 4s)

---------------  T H R E A D  ---------------

Current thread (0x0000022844f13280):  VMThread "VM Thread"          [id=19104, stack(0x0000003549400000,0x0000003549500000) (1024K)]

Stack: [0x0000003549400000,0x0000003549500000]
Native frames: (J=compiled Java code, j=interpreted, Vv=VM code, C=native code)
V  [jvm.dll+0x6d0639]
V  [jvm.dll+0x85eb03]
V  [jvm.dll+0x86105e]
V  [jvm.dll+0x861743]
V  [jvm.dll+0x27e6e6]
V  [jvm.dll+0x6ccfd5]
V  [jvm.dll+0x6c0a8a]
V  [jvm.dll+0x35537b]
V  [jvm.dll+0x35cfd6]
V  [jvm.dll+0x3aef86]
V  [jvm.dll+0x3af258]
V  [jvm.dll+0x327a2c]
V  [jvm.dll+0x327ab7]
V  [jvm.dll+0x36d93c]
V  [jvm.dll+0x36c0ee]
V  [jvm.dll+0x327181]
V  [jvm.dll+0x36b7f0]
V  [jvm.dll+0x8674c8]
V  [jvm.dll+0x868844]
V  [jvm.dll+0x868d80]
V  [jvm.dll+0x869013]
V  [jvm.dll+0x806ed8]
V  [jvm.dll+0x6cef0d]
C  [ucrtbase.dll+0x21bb2]
C  [KERNEL32.DLL+0x17374]
C  [ntdll.dll+0x4cc91]

VM_Operation (0x000000354dbfb9c0): G1CollectForAllocation, mode: safepoint, requested by thread 0x000002284edb8340


---------------  P R O C E S S  ---------------

Threads class SMR info:
_java_thread_list=0x00000228620477f0, length=144, elements={
0x0000022828df9470, 0x0000022844f7be90, 0x00000228450e28f0, 0x00000228450c97a0,
0x00000228450cc550, 0x00000228450ccfa0, 0x00000228450cd9f0, 0x00000228450f3f60,
0x00000228450f9f00, 0x00000228451d8750, 0x00000228453d8280, 0x000002284a647ba0,
0x000002284a656e80, 0x000002284b1daba0, 0x000002284b12f810, 0x000002284b3a2b60,
0x000002284af95700, 0x000002284b18fe90, 0x000002284b1bc260, 0x000002284b1d5e40,
0x000002284b1d4a90, 0x000002284b1d5120, 0x000002284b1d57b0, 0x000002284b1d3050,
0x000002284b1d29c0, 0x000002284b1d36e0, 0x000002284b1d3d70, 0x000002284b1d4400,
0x000002284d08d700, 0x000002284d08fe60, 0x000002284d0904f0, 0x000002284d090b80,
0x000002284d08e420, 0x000002284d08d070, 0x000002284d0918a0, 0x000002284d08eab0,
0x000002284d091f30, 0x000002284d092c50, 0x000002284d093970, 0x000002284d08f140,
0x000002284d0925c0, 0x000002284d094000, 0x000002284d094690, 0x000002284d08f7d0,
0x000002284de9f750, 0x000002284de9bc40, 0x000002284de9d680, 0x000002284de9f0c0,
0x000002284de9c2d0, 0x000002284de9c960, 0x000002284de9e3a0, 0x000002284dea0b00,
0x000002284dea1190, 0x000002284de9ea30, 0x000002284de9fde0, 0x000002284dea0470,
0x000002284de9dd10, 0x000002284de9a890, 0x000002284dea1eb0, 0x000002284de9af20,
0x000002284de9b5b0, 0x000002284edb0d20, 0x000002284edb8340, 0x000002284edb5550,
0x000002284edb3b10, 0x000002284edb7620, 0x000002284edb41a0, 0x000002284edb4ec0,
0x000002284edb6f90, 0x000002284edb3480, 0x000002284edb7cb0, 0x000002284edb2760,
0x000002284edb5be0, 0x000002284edb6270, 0x000002284edb1a40, 0x000002284edb13b0,
0x000002284edb20d0, 0x000002284edb6900, 0x000002284edb4830, 0x000002284edb2df0,
0x000002284e9c3240, 0x000002284e9bdcf0, 0x000002284e9c1170, 0x000002284e9c0ae0,
0x000002284e9bfdc0, 0x000002284e9c1800, 0x000002284e9c1e90, 0x000002284e9c2bb0,
0x000002284e9c2520, 0x000002284e9c0450, 0x000002284e9c38d0, 0x000002284e9bf730,
0x000002284e9c3f60, 0x000002284e9bea10, 0x000002284e9c5310, 0x000002284e9be380,
0x000002284e9bf0a0, 0x000002284e9c45f0, 0x000002284e9c4c80, 0x000002284bc24000,
0x000002284bc253b0, 0x000002284bc24690, 0x000002284bc1fe60, 0x000002284bc21f30,
0x000002284bc232e0, 0x000002284bc25a40, 0x000002284bc23970, 0x000002284bc260d0,
0x000002284bc225c0, 0x000002284bc22c50, 0x000002284bc26760, 0x000002284bc20b80,
0x000002284eeba7a0, 0x000002284eebbb50, 0x000002284eebc1e0, 0x000002284eeb7320,
0x000002284eeba110, 0x000002284eeb93f0, 0x000002284eebae30, 0x000002284eeb5250,
0x000002284eeb6600, 0x000002284eeb58e0, 0x000002284eeb79b0, 0x000002284eebc870,
0x000002284eeb5f70, 0x000002284eeb86d0, 0x000002284eeb6c90, 0x0000022859428780,
0x0000022859424c70, 0x0000022859421e80, 0x000002285942a850, 0x0000022859426020,
0x0000022859428e10, 0x00000228594294a0, 0x0000022859429b30, 0x0000022859422ba0,
0x000002285942dcd0, 0x0000022859bca6a0, 0x0000022859360b00, 0x000002286212e870,
0x0000022862131660, 0x000002286301bff0, 0x0000022862131cf0, 0x0000022861b1a610
}

Java Threads: ( => current thread )
  0x0000022828df9470 JavaThread "main"                              [_thread_blocked, id=8108, stack(0x0000003548d00000,0x0000003548e00000) (1024K)]
  0x0000022844f7be90 JavaThread "Reference Handler"          daemon [_thread_blocked, id=16064, stack(0x0000003549500000,0x0000003549600000) (1024K)]
  0x00000228450e28f0 JavaThread "Finalizer"                  daemon [_thread_blocked, id=4164, stack(0x0000003549600000,0x0000003549700000) (1024K)]
  0x00000228450c97a0 JavaThread "Signal Dispatcher"          daemon [_thread_blocked, id=7000, stack(0x0000003549700000,0x0000003549800000) (1024K)]
  0x00000228450cc550 JavaThread "Attach Listener"            daemon [_thread_blocked, id=22376, stack(0x0000003549800000,0x0000003549900000) (1024K)]
  0x00000228450ccfa0 JavaThread "Service Thread"             daemon [_thread_blocked, id=13168, stack(0x0000003549900000,0x0000003549a00000) (1024K)]
  0x00000228450cd9f0 JavaThread "Monitor Deflation Thread"   daemon [_thread_blocked, id=11736, stack(0x0000003549a00000,0x0000003549b00000) (1024K)]
  0x00000228450f3f60 JavaThread "C2 CompilerThread0"         daemon [_thread_blocked, id=5820, stack(0x0000003549b00000,0x0000003549c00000) (1024K)]
  0x00000228450f9f00 JavaThread "C1 CompilerThread0"         daemon [_thread_blocked, id=21236, stack(0x0000003549c00000,0x0000003549d00000) (1024K)]
  0x00000228451d8750 JavaThread "Common-Cleaner"             daemon [_thread_blocked, id=14640, stack(0x0000003549d00000,0x0000003549e00000) (1024K)]
  0x00000228453d8280 JavaThread "Notification Thread"        daemon [_thread_blocked, id=18844, stack(0x0000003549e00000,0x0000003549f00000) (1024K)]
  0x000002284a647ba0 JavaThread "Daemon health stats"               [_thread_blocked, id=3676, stack(0x000000354a300000,0x000000354a400000) (1024K)]
  0x000002284a656e80 JavaThread "Incoming local TCP Connector on port 12400"        [_thread_in_native, id=23180, stack(0x000000354a400000,0x000000354a500000) (1024K)]
  0x000002284b1daba0 JavaThread "Daemon periodic checks"            [_thread_blocked, id=19824, stack(0x000000354a800000,0x000000354a900000) (1024K)]
  0x000002284b12f810 JavaThread "Daemon"                            [_thread_blocked, id=22684, stack(0x000000354a900000,0x000000354aa00000) (1024K)]
  0x000002284b3a2b60 JavaThread "Handler for socket connection from /127.0.0.1:12400 to /127.0.0.1:12401"        [_thread_in_native, id=4804, stack(0x000000354aa00000,0x000000354ab00000) (1024K)]
  0x000002284af95700 JavaThread "Cancel handler"                    [_thread_blocked, id=16624, stack(0x000000354ab00000,0x000000354ac00000) (1024K)]
  0x000002284b18fe90 JavaThread "Daemon worker"                     [_thread_blocked, id=18640, stack(0x000000354ac00000,0x000000354ad00000) (1024K)]
  0x000002284b1bc260 JavaThread "Asynchronous log dispatcher for DefaultDaemonConnection: socket connection from /127.0.0.1:12400 to /127.0.0.1:12401"        [_thread_blocked, id=15040, stack(0x000000354ad00000,0x000000354ae00000) (1024K)]
  0x000002284b1d5e40 JavaThread "Stdin handler"                     [_thread_blocked, id=21264, stack(0x000000354ae00000,0x000000354af00000) (1024K)]
  0x000002284b1d4a90 JavaThread "Daemon client event forwarder"        [_thread_blocked, id=18828, stack(0x000000354af00000,0x000000354b000000) (1024K)]
  0x000002284b1d5120 JavaThread "Cache worker for journal cache (C:\Users\User\.gradle\caches\journal-1)"        [_thread_blocked, id=3544, stack(0x000000354b100000,0x000000354b200000) (1024K)]
  0x000002284b1d57b0 JavaThread "File lock request listener"        [_thread_in_native, id=12368, stack(0x000000354b200000,0x000000354b300000) (1024K)]
  0x000002284b1d3050 JavaThread "Cache worker for file hash cache (C:\Users\User\.gradle\caches\8.10.2\fileHashes)"        [_thread_blocked, id=22176, stack(0x000000354b300000,0x000000354b400000) (1024K)]
  0x000002284b1d29c0 JavaThread "Cache worker for file hash cache (C:\Users\User\smartmushroom\android\.gradle\8.10.2\fileHashes)"        [_thread_blocked, id=22160, stack(0x000000354b400000,0x000000354b500000) (1024K)]
  0x000002284b1d36e0 JavaThread "Cache worker for Build Output Cleanup Cache (C:\Users\User\smartmushroom\android\.gradle\buildOutputCleanup)"        [_thread_blocked, id=19856, stack(0x000000354b500000,0x000000354b600000) (1024K)]
  0x000002284b1d3d70 JavaThread "File watcher server"        daemon [_thread_blocked, id=14904, stack(0x000000354b600000,0x000000354b700000) (1024K)]
  0x000002284b1d4400 JavaThread "File watcher consumer"      daemon [_thread_blocked, id=19220, stack(0x000000354b700000,0x000000354b800000) (1024K)]
  0x000002284d08d700 JavaThread "Cache worker for checksums cache (C:\Users\User\smartmushroom\android\.gradle\8.10.2\checksums)"        [_thread_blocked, id=16228, stack(0x000000354b800000,0x000000354b900000) (1024K)]
  0x000002284d08fe60 JavaThread "Cache worker for file content cache (C:\Users\User\.gradle\caches\8.10.2\fileContent)"        [_thread_blocked, id=20692, stack(0x000000354b900000,0x000000354ba00000) (1024K)]
  0x000002284d0904f0 JavaThread "Cache worker for cache directory md-rule (C:\Users\User\.gradle\caches\8.10.2\md-rule)"        [_thread_blocked, id=22200, stack(0x000000354ba00000,0x000000354bb00000) (1024K)]
  0x000002284d090b80 JavaThread "Cache worker for cache directory md-supplier (C:\Users\User\.gradle\caches\8.10.2\md-supplier)"        [_thread_blocked, id=20776, stack(0x000000354bb00000,0x000000354bc00000) (1024K)]
  0x000002284d08e420 JavaThread "Cache worker for Build Output Cleanup Cache (D:\Download\flutter_windows_3.29.3-stable\flutter\packages\flutter_tools\gradle\.gradle\buildOutputCleanup)"        [_thread_blocked, id=22872, stack(0x000000354bc00000,0x000000354bd00000) (1024K)]
  0x000002284d08d070 JavaThread "Unconstrained build operations"        [_thread_blocked, id=18912, stack(0x000000354bd00000,0x000000354be00000) (1024K)]
  0x000002284d0918a0 JavaThread "Unconstrained build operations Thread 2"        [_thread_blocked, id=21796, stack(0x000000354be00000,0x000000354bf00000) (1024K)]
  0x000002284d08eab0 JavaThread "Unconstrained build operations Thread 3"        [_thread_blocked, id=596, stack(0x000000354bf00000,0x000000354c000000) (1024K)]
  0x000002284d091f30 JavaThread "Unconstrained build operations Thread 4"        [_thread_blocked, id=4512, stack(0x000000354c000000,0x000000354c100000) (1024K)]
  0x000002284d092c50 JavaThread "Unconstrained build operations Thread 5"        [_thread_blocked, id=15148, stack(0x000000354c100000,0x000000354c200000) (1024K)]
  0x000002284d093970 JavaThread "Unconstrained build operations Thread 6"        [_thread_blocked, id=15096, stack(0x000000354c200000,0x000000354c300000) (1024K)]
  0x000002284d08f140 JavaThread "Unconstrained build operations Thread 7"        [_thread_blocked, id=22880, stack(0x000000354c300000,0x000000354c400000) (1024K)]
  0x000002284d0925c0 JavaThread "Unconstrained build operations Thread 8"        [_thread_blocked, id=20772, stack(0x000000354c400000,0x000000354c500000) (1024K)]
  0x000002284d094000 JavaThread "Unconstrained build operations Thread 9"        [_thread_blocked, id=1616, stack(0x000000354c500000,0x000000354c600000) (1024K)]
  0x000002284d094690 JavaThread "Unconstrained build operations Thread 10"        [_thread_blocked, id=3660, stack(0x000000354c600000,0x000000354c700000) (1024K)]
  0x000002284d08f7d0 JavaThread "Unconstrained build operations Thread 11"        [_thread_blocked, id=16004, stack(0x000000354c700000,0x000000354c800000) (1024K)]
  0x000002284de9f750 JavaThread "Unconstrained build operations Thread 12"        [_thread_blocked, id=14016, stack(0x000000354c800000,0x000000354c900000) (1024K)]
  0x000002284de9bc40 JavaThread "Unconstrained build operations Thread 13"        [_thread_blocked, id=18624, stack(0x000000354c900000,0x000000354ca00000) (1024K)]
  0x000002284de9d680 JavaThread "Unconstrained build operations Thread 14"        [_thread_blocked, id=19748, stack(0x000000354ca00000,0x000000354cb00000) (1024K)]
  0x000002284de9f0c0 JavaThread "Unconstrained build operations Thread 15"        [_thread_blocked, id=17140, stack(0x000000354cb00000,0x000000354cc00000) (1024K)]
  0x000002284de9c2d0 JavaThread "Unconstrained build operations Thread 16"        [_thread_blocked, id=6360, stack(0x000000354cc00000,0x000000354cd00000) (1024K)]
  0x000002284de9c960 JavaThread "Unconstrained build operations Thread 17"        [_thread_blocked, id=18188, stack(0x000000354cd00000,0x000000354ce00000) (1024K)]
  0x000002284de9e3a0 JavaThread "Unconstrained build operations Thread 18"        [_thread_blocked, id=3508, stack(0x000000354ce00000,0x000000354cf00000) (1024K)]
  0x000002284dea0b00 JavaThread "Unconstrained build operations Thread 19"        [_thread_blocked, id=15552, stack(0x000000354cf00000,0x000000354d000000) (1024K)]
  0x000002284dea1190 JavaThread "Unconstrained build operations Thread 20"        [_thread_blocked, id=14572, stack(0x000000354d000000,0x000000354d100000) (1024K)]
  0x000002284de9ea30 JavaThread "Unconstrained build operations Thread 21"        [_thread_blocked, id=6516, stack(0x000000354d100000,0x000000354d200000) (1024K)]
  0x000002284de9fde0 JavaThread "Memory manager"                    [_thread_blocked, id=22816, stack(0x000000354d200000,0x000000354d300000) (1024K)]
  0x000002284dea0470 JavaThread "build event listener"              [_thread_blocked, id=21148, stack(0x000000354d300000,0x000000354d400000) (1024K)]
  0x000002284de9dd10 JavaThread "Execution worker"                  [_thread_blocked, id=20396, stack(0x000000354d500000,0x000000354d600000) (1024K)]
  0x000002284de9a890 JavaThread "Execution worker Thread 2"         [_thread_blocked, id=22944, stack(0x000000354d600000,0x000000354d700000) (1024K)]
  0x000002284dea1eb0 JavaThread "Execution worker Thread 3"         [_thread_blocked, id=22804, stack(0x000000354d700000,0x000000354d800000) (1024K)]
  0x000002284de9af20 JavaThread "Execution worker Thread 4"         [_thread_blocked, id=8068, stack(0x000000354d800000,0x000000354d900000) (1024K)]
  0x000002284de9b5b0 JavaThread "Execution worker Thread 5"         [_thread_blocked, id=20144, stack(0x000000354d900000,0x000000354da00000) (1024K)]
  0x000002284edb0d20 JavaThread "Execution worker Thread 6"         [_thread_blocked, id=15724, stack(0x000000354da00000,0x000000354db00000) (1024K)]
  0x000002284edb8340 JavaThread "Execution worker Thread 7"         [_thread_blocked, id=21584, stack(0x000000354db00000,0x000000354dc00000) (1024K)]
  0x000002284edb5550 JavaThread "Cache worker for execution history cache (D:\Download\flutter_windows_3.29.3-stable\flutter\packages\flutter_tools\gradle\.gradle\8.10.2\executionHistory)"        [_thread_blocked, id=19820, stack(0x000000354dc00000,0x000000354dd00000) (1024K)]
  0x000002284edb3b10 JavaThread "Unconstrained build operations Thread 22"        [_thread_blocked, id=23160, stack(0x000000354dd00000,0x000000354de00000) (1024K)]
  0x000002284edb7620 JavaThread "Unconstrained build operations Thread 23"        [_thread_blocked, id=13012, stack(0x000000354de00000,0x000000354df00000) (1024K)]
  0x000002284edb41a0 JavaThread "Unconstrained build operations Thread 24"        [_thread_blocked, id=20748, stack(0x000000354df00000,0x000000354e000000) (1024K)]
  0x000002284edb4ec0 JavaThread "Unconstrained build operations Thread 25"        [_thread_blocked, id=22340, stack(0x000000354e000000,0x000000354e100000) (1024K)]
  0x000002284edb6f90 JavaThread "Unconstrained build operations Thread 26"        [_thread_blocked, id=19916, stack(0x000000354e100000,0x000000354e200000) (1024K)]
  0x000002284edb3480 JavaThread "Unconstrained build operations Thread 27"        [_thread_blocked, id=11644, stack(0x000000354e200000,0x000000354e300000) (1024K)]
  0x000002284edb7cb0 JavaThread "Unconstrained build operations Thread 28"        [_thread_blocked, id=14532, stack(0x000000354e300000,0x000000354e400000) (1024K)]
  0x000002284edb2760 JavaThread "Unconstrained build operations Thread 29"        [_thread_blocked, id=23260, stack(0x000000354e400000,0x000000354e500000) (1024K)]
  0x000002284edb5be0 JavaThread "Unconstrained build operations Thread 30"        [_thread_blocked, id=21556, stack(0x000000354e500000,0x000000354e600000) (1024K)]
  0x000002284edb6270 JavaThread "Unconstrained build operations Thread 31"        [_thread_blocked, id=11920, stack(0x000000354e600000,0x000000354e700000) (1024K)]
  0x000002284edb1a40 JavaThread "Unconstrained build operations Thread 32"        [_thread_blocked, id=22520, stack(0x000000354e700000,0x000000354e800000) (1024K)]
  0x000002284edb13b0 JavaThread "Unconstrained build operations Thread 33"        [_thread_blocked, id=6540, stack(0x000000354e800000,0x000000354e900000) (1024K)]
  0x000002284edb20d0 JavaThread "Unconstrained build operations Thread 34"        [_thread_blocked, id=2364, stack(0x000000354e900000,0x000000354ea00000) (1024K)]
  0x000002284edb6900 JavaThread "Unconstrained build operations Thread 35"        [_thread_blocked, id=18508, stack(0x000000354ea00000,0x000000354eb00000) (1024K)]
  0x000002284edb4830 JavaThread "Unconstrained build operations Thread 36"        [_thread_blocked, id=15980, stack(0x000000354eb00000,0x000000354ec00000) (1024K)]
  0x000002284edb2df0 JavaThread "Unconstrained build operations Thread 37"        [_thread_blocked, id=21576, stack(0x000000354ec00000,0x000000354ed00000) (1024K)]
  0x000002284e9c3240 JavaThread "Unconstrained build operations Thread 38"        [_thread_blocked, id=6920, stack(0x000000354ed00000,0x000000354ee00000) (1024K)]
  0x000002284e9bdcf0 JavaThread "Unconstrained build operations Thread 39"        [_thread_blocked, id=18120, stack(0x000000354ee00000,0x000000354ef00000) (1024K)]
  0x000002284e9c1170 JavaThread "Unconstrained build operations Thread 40"        [_thread_blocked, id=18308, stack(0x000000354ef00000,0x000000354f000000) (1024K)]
  0x000002284e9c0ae0 JavaThread "Unconstrained build operations Thread 41"        [_thread_blocked, id=23060, stack(0x000000354f000000,0x000000354f100000) (1024K)]
  0x000002284e9bfdc0 JavaThread "Unconstrained build operations Thread 42"        [_thread_blocked, id=3224, stack(0x000000354f100000,0x000000354f200000) (1024K)]
  0x000002284e9c1800 JavaThread "Unconstrained build operations Thread 43"        [_thread_blocked, id=23052, stack(0x000000354f200000,0x000000354f300000) (1024K)]
  0x000002284e9c1e90 JavaThread "Unconstrained build operations Thread 44"        [_thread_blocked, id=14000, stack(0x000000354f300000,0x000000354f400000) (1024K)]
  0x000002284e9c2bb0 JavaThread "Unconstrained build operations Thread 45"        [_thread_blocked, id=20912, stack(0x000000354f400000,0x000000354f500000) (1024K)]
  0x000002284e9c2520 JavaThread "Unconstrained build operations Thread 46"        [_thread_blocked, id=10228, stack(0x000000354f500000,0x000000354f600000) (1024K)]
  0x000002284e9c0450 JavaThread "Unconstrained build operations Thread 47"        [_thread_blocked, id=15068, stack(0x000000354f600000,0x000000354f700000) (1024K)]
  0x000002284e9c38d0 JavaThread "Unconstrained build operations Thread 48"        [_thread_blocked, id=11384, stack(0x000000354f700000,0x000000354f800000) (1024K)]
  0x000002284e9bf730 JavaThread "Unconstrained build operations Thread 49"        [_thread_blocked, id=17676, stack(0x000000354f800000,0x000000354f900000) (1024K)]
  0x000002284e9c3f60 JavaThread "Unconstrained build operations Thread 50"        [_thread_blocked, id=18468, stack(0x000000354f900000,0x000000354fa00000) (1024K)]
  0x000002284e9bea10 JavaThread "Unconstrained build operations Thread 51"        [_thread_blocked, id=13732, stack(0x000000354fa00000,0x000000354fb00000) (1024K)]
  0x000002284e9c5310 JavaThread "Unconstrained build operations Thread 52"        [_thread_blocked, id=14964, stack(0x000000354fb00000,0x000000354fc00000) (1024K)]
  0x000002284e9be380 JavaThread "Unconstrained build operations Thread 53"        [_thread_blocked, id=20500, stack(0x000000354fc00000,0x000000354fd00000) (1024K)]
  0x000002284e9bf0a0 JavaThread "Unconstrained build operations Thread 54"        [_thread_blocked, id=15480, stack(0x000000354fd00000,0x000000354fe00000) (1024K)]
  0x000002284e9c45f0 JavaThread "Unconstrained build operations Thread 55"        [_thread_blocked, id=19252, stack(0x000000354fe00000,0x000000354ff00000) (1024K)]
  0x000002284e9c4c80 JavaThread "Unconstrained build operations Thread 56"        [_thread_blocked, id=7284, stack(0x000000354ff00000,0x0000003550000000) (1024K)]
  0x000002284bc24000 JavaThread "Unconstrained build operations Thread 57"        [_thread_blocked, id=14228, stack(0x0000003550000000,0x0000003550100000) (1024K)]
  0x000002284bc253b0 JavaThread "Unconstrained build operations Thread 58"        [_thread_blocked, id=5892, stack(0x0000003550100000,0x0000003550200000) (1024K)]
  0x000002284bc24690 JavaThread "Unconstrained build operations Thread 59"        [_thread_blocked, id=12396, stack(0x0000003550200000,0x0000003550300000) (1024K)]
  0x000002284bc1fe60 JavaThread "Unconstrained build operations Thread 60"        [_thread_blocked, id=18900, stack(0x0000003550300000,0x0000003550400000) (1024K)]
  0x000002284bc21f30 JavaThread "Unconstrained build operations Thread 61"        [_thread_blocked, id=1348, stack(0x0000003550400000,0x0000003550500000) (1024K)]
  0x000002284bc232e0 JavaThread "Unconstrained build operations Thread 62"        [_thread_blocked, id=19240, stack(0x0000003550500000,0x0000003550600000) (1024K)]
  0x000002284bc25a40 JavaThread "Unconstrained build operations Thread 63"        [_thread_blocked, id=16908, stack(0x0000003550600000,0x0000003550700000) (1024K)]
  0x000002284bc23970 JavaThread "Unconstrained build operations Thread 64"        [_thread_blocked, id=16220, stack(0x0000003550700000,0x0000003550800000) (1024K)]
  0x000002284bc260d0 JavaThread "Unconstrained build operations Thread 65"        [_thread_blocked, id=19768, stack(0x0000003550800000,0x0000003550900000) (1024K)]
  0x000002284bc225c0 JavaThread "Unconstrained build operations Thread 66"        [_thread_blocked, id=21608, stack(0x0000003550900000,0x0000003550a00000) (1024K)]
  0x000002284bc22c50 JavaThread "Unconstrained build operations Thread 67"        [_thread_blocked, id=18880, stack(0x0000003550a00000,0x0000003550b00000) (1024K)]
  0x000002284bc26760 JavaThread "jar transforms"                    [_thread_blocked, id=15504, stack(0x0000003550b00000,0x0000003550c00000) (1024K)]
  0x000002284bc20b80 JavaThread "jar transforms Thread 2"           [_thread_blocked, id=15236, stack(0x0000003550c00000,0x0000003550d00000) (1024K)]
  0x000002284eeba7a0 JavaThread "jar transforms Thread 3"           [_thread_blocked, id=20032, stack(0x0000003550d00000,0x0000003550e00000) (1024K)]
  0x000002284eebbb50 JavaThread "jar transforms Thread 4"           [_thread_blocked, id=11900, stack(0x0000003550e00000,0x0000003550f00000) (1024K)]
  0x000002284eebc1e0 JavaThread "Unconstrained build operations Thread 68"        [_thread_blocked, id=18656, stack(0x0000003550f00000,0x0000003551000000) (1024K)]
  0x000002284eeb7320 JavaThread "Unconstrained build operations Thread 69"        [_thread_blocked, id=22056, stack(0x0000003551000000,0x0000003551100000) (1024K)]
  0x000002284eeba110 JavaThread "Unconstrained build operations Thread 70"        [_thread_blocked, id=11860, stack(0x0000003551100000,0x0000003551200000) (1024K)]
  0x000002284eeb93f0 JavaThread "Unconstrained build operations Thread 71"        [_thread_blocked, id=12500, stack(0x0000003551200000,0x0000003551300000) (1024K)]
  0x000002284eebae30 JavaThread "Unconstrained build operations Thread 72"        [_thread_blocked, id=22516, stack(0x0000003551300000,0x0000003551400000) (1024K)]
  0x000002284eeb5250 JavaThread "Unconstrained build operations Thread 73"        [_thread_blocked, id=16192, stack(0x0000003551400000,0x0000003551500000) (1024K)]
  0x000002284eeb6600 JavaThread "Unconstrained build operations Thread 74"        [_thread_blocked, id=20516, stack(0x0000003551500000,0x0000003551600000) (1024K)]
  0x000002284eeb58e0 JavaThread "Unconstrained build operations Thread 75"        [_thread_blocked, id=21408, stack(0x0000003551600000,0x0000003551700000) (1024K)]
  0x000002284eeb79b0 JavaThread "Unconstrained build operations Thread 76"        [_thread_blocked, id=17952, stack(0x0000003551700000,0x0000003551800000) (1024K)]
  0x000002284eebc870 JavaThread "Unconstrained build operations Thread 77"        [_thread_blocked, id=19432, stack(0x0000003551800000,0x0000003551900000) (1024K)]
  0x000002284eeb5f70 JavaThread "Unconstrained build operations Thread 78"        [_thread_blocked, id=16768, stack(0x0000003551900000,0x0000003551a00000) (1024K)]
  0x000002284eeb86d0 JavaThread "Unconstrained build operations Thread 79"        [_thread_blocked, id=8092, stack(0x0000003551a00000,0x0000003551b00000) (1024K)]
  0x000002284eeb6c90 JavaThread "Unconstrained build operations Thread 80"        [_thread_blocked, id=22012, stack(0x0000003551b00000,0x0000003551c00000) (1024K)]
  0x0000022859428780 JavaThread "jar transforms Thread 5"           [_thread_blocked, id=21412, stack(0x0000003548b00000,0x0000003548c00000) (1024K)]
  0x0000022859424c70 JavaThread "jar transforms Thread 6"           [_thread_blocked, id=14808, stack(0x0000003548c00000,0x0000003548d00000) (1024K)]
  0x0000022859421e80 JavaThread "jar transforms Thread 7"           [_thread_blocked, id=17088, stack(0x0000003548a00000,0x0000003548b00000) (1024K)]
  0x000002285942a850 JavaThread "jar transforms Thread 8"           [_thread_blocked, id=13816, stack(0x000000354d400000,0x000000354d500000) (1024K)]
  0x0000022859426020 JavaThread "pool-4-thread-1"                   [_thread_blocked, id=22800, stack(0x0000003551c00000,0x0000003551d00000) (1024K)]
  0x0000022859428e10 JavaThread "build event listener"              [_thread_blocked, id=15952, stack(0x0000003551d00000,0x0000003551e00000) (1024K)]
  0x00000228594294a0 JavaThread "included builds Thread 2"          [_thread_blocked, id=17972, stack(0x0000003551e00000,0x0000003551f00000) (1024K)]
  0x0000022859429b30 JavaThread "Cache worker for execution history cache (C:\Users\User\smartmushroom\android\.gradle\8.10.2\executionHistory)"        [_thread_blocked, id=15136, stack(0x0000003551f00000,0x0000003552000000) (1024K)]
  0x0000022859422ba0 JavaThread "WorkerExecutor Queue"              [_thread_blocked, id=6948, stack(0x0000003552000000,0x0000003552100000) (1024K)]
  0x000002285942dcd0 JavaThread "WorkerExecutor Queue Thread 2"        [_thread_blocked, id=13008, stack(0x0000003552100000,0x0000003552200000) (1024K)]
  0x0000022859bca6a0 JavaThread "WorkerExecutor Queue Thread 3"        [_thread_blocked, id=16688, stack(0x0000003552300000,0x0000003552400000) (1024K)]
  0x0000022859360b00 JavaThread "WorkerExecutor Queue Thread 4"        [_thread_blocked, id=16344, stack(0x0000003552400000,0x0000003552500000) (1024K)]
  0x000002286212e870 JavaThread "WorkerExecutor Queue Thread 5"        [_thread_blocked, id=20228, stack(0x0000003552200000,0x0000003552300000) (1024K)]
  0x0000022862131660 JavaThread "WorkerExecutor Queue Thread 8"        [_thread_blocked, id=21620, stack(0x0000003552700000,0x0000003552800000) (1024K)]
  0x000002286301bff0 JavaThread "WorkerExecutor Queue Thread 9"        [_thread_blocked, id=11732, stack(0x0000003552800000,0x0000003552900000) (1024K)]
  0x0000022862131cf0 JavaThread "File lock release action executor"        [_thread_blocked, id=7868, stack(0x0000003552a00000,0x0000003552b00000) (1024K)]
  0x0000022861b1a610 JavaThread "WorkerExecutor Queue Thread 11"        [_thread_blocked, id=19688, stack(0x0000003552b00000,0x0000003552c00000) (1024K)]
Total: 144

Other Threads:
=>0x0000022844f13280 VMThread "VM Thread"                           [id=19104, stack(0x0000003549400000,0x0000003549500000) (1024K)]
  0x000002282b11ebe0 WatcherThread "VM Periodic Task Thread"        [id=23148, stack(0x0000003549300000,0x0000003549400000) (1024K)]
  0x000002282b0bc6a0 WorkerThread "GC Thread#0"                     [id=13648, stack(0x0000003548e00000,0x0000003548f00000) (1024K)]
  0x0000022845510c20 WorkerThread "GC Thread#1"                     [id=8996, stack(0x0000003549f00000,0x000000354a000000) (1024K)]
  0x000002284590a300 WorkerThread "GC Thread#2"                     [id=19772, stack(0x000000354a000000,0x000000354a100000) (1024K)]
  0x000002284a2be420 WorkerThread "GC Thread#3"                     [id=15476, stack(0x000000354a100000,0x000000354a200000) (1024K)]
  0x000002284a339600 WorkerThread "GC Thread#4"                     [id=9220, stack(0x000000354a200000,0x000000354a300000) (1024K)]
  0x000002284b3d2900 WorkerThread "GC Thread#5"                     [id=21332, stack(0x000000354a500000,0x000000354a600000) (1024K)]
  0x000002284b13c530 WorkerThread "GC Thread#6"                     [id=20832, stack(0x000000354a600000,0x000000354a700000) (1024K)]
  0x000002284b1e4580 WorkerThread "GC Thread#7"                     [id=2128, stack(0x000000354a700000,0x000000354a800000) (1024K)]
  0x000002282b0ce710 ConcurrentGCThread "G1 Main Marker"            [id=22472, stack(0x0000003548f00000,0x0000003549000000) (1024K)]
  0x000002282b0d00d0 WorkerThread "G1 Conc#0"                       [id=10380, stack(0x0000003549000000,0x0000003549100000) (1024K)]
  0x000002284b1e4920 WorkerThread "G1 Conc#1"                       [id=13788, stack(0x000000354b000000,0x000000354b100000) (1024K)]
  0x000002282b116180 ConcurrentGCThread "G1 Refine#0"               [id=5200, stack(0x0000003549100000,0x0000003549200000) (1024K)]
  0x000002282b116c00 ConcurrentGCThread "G1 Service"                [id=18016, stack(0x0000003549200000,0x0000003549300000) (1024K)]
Total: 15

Threads with active compile tasks:
Total: 0

VM state: at safepoint (normal execution)

VM Mutex/Monitor currently owned by a thread:  ([mutex/lock_event])
[0x00007ffebc2de3a0] Threads_lock - owner thread: 0x0000022844f13280
[0x00007ffebc2de4a0] Heap_lock - owner thread: 0x000002284edb8340

Heap address: 0x0000000700000000, size: 4096 MB, Compressed Oops mode: Zero based, Oop shift amount: 3

CDS archive(s) not mapped
Compressed class space mapped at: 0x0000000800000000-0x0000000840000000, reserved size: 1073741824
Narrow klass base: 0x0000000800000000, Narrow klass shift: 0, Narrow klass range: 0x40000000

GC Precious Log:
 CardTable entry size: 512
 Card Set container configuration: InlinePtr #cards 4 size 8 Array Of Cards #cards 16 size 48 Howl #buckets 8 coarsen threshold 3686 Howl Bitmap #cards 512 size 80 coarsen threshold 460 Card regions per heap region 1 cards per card region 4096
 CPUs: 8 total, 8 available
 Memory: 3917M
 Large Page Support: Disabled
 NUMA Support: Disabled
 Compressed Oops: Enabled (Zero based)
 Heap Region Size: 2M
 Heap Min Capacity: 8M
 Heap Initial Capacity: 62M
 Heap Max Capacity: 4G
 Pre-touch: Disabled
 Parallel Workers: 8
 Concurrent Workers: 2
 Concurrent Refinement Workers: 8
 Periodic GC: Disabled

Heap:
 garbage-first heap   total 757760K, used 359052K [0x0000000700000000, 0x0000000800000000)
  region size 2048K, 2 young (4096K), 2 survivors (4096K)
 Metaspace       used 232423K, committed 235584K, reserved 1310720K
  class space    used 29908K, committed 31488K, reserved 1048576K

Heap Regions: E=young(eden), S=young(survivor), O=old, HS=humongous(starts), HC=humongous(continues), CS=collection set, F=free, TAMS=top-at-mark-start, PB=parsable bottom
|   0|0x0000000700000000, 0x0000000700200000, 0x0000000700200000|100%|HS|  |TAMS 0x0000000700200000| PB 0x0000000700000000| Complete 
|   1|0x0000000700200000, 0x0000000700400000, 0x0000000700400000|100%|HC|  |TAMS 0x0000000700400000| PB 0x0000000700200000| Complete 
|   2|0x0000000700400000, 0x0000000700600000, 0x0000000700600000|100%| O|  |TAMS 0x0000000700600000| PB 0x0000000700400000| Untracked 
|   3|0x0000000700600000, 0x0000000700800000, 0x0000000700800000|100%| O|  |TAMS 0x0000000700800000| PB 0x0000000700600000| Untracked 
|   4|0x0000000700800000, 0x0000000700a00000, 0x0000000700a00000|100%| O|  |TAMS 0x0000000700a00000| PB 0x0000000700800000| Untracked 
|   5|0x0000000700a00000, 0x0000000700c00000, 0x0000000700c00000|100%| O|  |TAMS 0x0000000700c00000| PB 0x0000000700a00000| Untracked 
|   6|0x0000000700c00000, 0x0000000700e00000, 0x0000000700e00000|100%| O|  |TAMS 0x0000000700e00000| PB 0x0000000700c00000| Untracked 
|   7|0x0000000700e00000, 0x0000000701000000, 0x0000000701000000|100%| O|  |TAMS 0x0000000701000000| PB 0x0000000700e00000| Untracked 
|   8|0x0000000701000000, 0x0000000701200000, 0x0000000701200000|100%| O|  |TAMS 0x0000000701200000| PB 0x0000000701000000| Untracked 
|   9|0x0000000701200000, 0x0000000701400000, 0x0000000701400000|100%| O|  |TAMS 0x0000000701400000| PB 0x0000000701200000| Untracked 
|  10|0x0000000701400000, 0x0000000701600000, 0x0000000701600000|100%| O|  |TAMS 0x0000000701600000| PB 0x0000000701400000| Untracked 
|  11|0x0000000701600000, 0x0000000701800000, 0x0000000701800000|100%| O|  |TAMS 0x0000000701800000| PB 0x0000000701600000| Untracked 
|  12|0x0000000701800000, 0x0000000701a00000, 0x0000000701a00000|100%| O|  |TAMS 0x0000000701a00000| PB 0x0000000701800000| Untracked 
|  13|0x0000000701a00000, 0x0000000701c00000, 0x0000000701c00000|100%| O|  |TAMS 0x0000000701c00000| PB 0x0000000701a00000| Untracked 
|  14|0x0000000701c00000, 0x0000000701e00000, 0x0000000701e00000|100%| O|  |TAMS 0x0000000701e00000| PB 0x0000000701c00000| Updating 
|  15|0x0000000701e00000, 0x0000000702000000, 0x0000000702000000|100%| O|  |TAMS 0x0000000702000000| PB 0x0000000701e00000| Updating 
|  16|0x0000000702000000, 0x0000000702200000, 0x0000000702200000|100%| O|  |TAMS 0x0000000702200000| PB 0x0000000702000000| Updating 
|  17|0x0000000702200000, 0x0000000702400000, 0x0000000702400000|100%| O|  |TAMS 0x0000000702400000| PB 0x0000000702200000| Untracked 
|  18|0x0000000702400000, 0x0000000702600000, 0x0000000702600000|100%| O|  |TAMS 0x0000000702600000| PB 0x0000000702400000| Updating 
|  19|0x0000000702600000, 0x0000000702800000, 0x0000000702800000|100%| O|  |TAMS 0x0000000702800000| PB 0x0000000702600000| Updating 
|  20|0x0000000702800000, 0x0000000702a00000, 0x0000000702a00000|100%|HS|  |TAMS 0x0000000702a00000| PB 0x0000000702800000| Complete 
|  21|0x0000000702a00000, 0x0000000702c00000, 0x0000000702c00000|100%|HS|  |TAMS 0x0000000702c00000| PB 0x0000000702a00000| Complete 
|  22|0x0000000702c00000, 0x0000000702e00000, 0x0000000702e00000|100%| O|  |TAMS 0x0000000702e00000| PB 0x0000000702c00000| Updating 
|  23|0x0000000702e00000, 0x0000000703000000, 0x0000000703000000|100%|HS|  |TAMS 0x0000000703000000| PB 0x0000000702e00000| Complete 
|  24|0x0000000703000000, 0x0000000703200000, 0x0000000703200000|100%|HC|  |TAMS 0x0000000703200000| PB 0x0000000703000000| Complete 
|  25|0x0000000703200000, 0x0000000703400000, 0x0000000703400000|100%| O|  |TAMS 0x0000000703400000| PB 0x0000000703200000| Untracked 
|  26|0x0000000703400000, 0x0000000703600000, 0x0000000703600000|100%| O|  |TAMS 0x0000000703600000| PB 0x0000000703400000| Untracked 
|  27|0x0000000703600000, 0x0000000703800000, 0x0000000703800000|100%|HS|  |TAMS 0x0000000703800000| PB 0x0000000703600000| Complete 
|  28|0x0000000703800000, 0x0000000703a00000, 0x0000000703a00000|100%|HC|  |TAMS 0x0000000703a00000| PB 0x0000000703800000| Complete 
|  29|0x0000000703a00000, 0x0000000703c00000, 0x0000000703c00000|100%| O|  |TAMS 0x0000000703c00000| PB 0x0000000703a00000| Updating 
|  30|0x0000000703c00000, 0x0000000703e00000, 0x0000000703e00000|100%| O|  |TAMS 0x0000000703e00000| PB 0x0000000703c00000| Untracked 
|  31|0x0000000703e00000, 0x0000000704000000, 0x0000000704000000|100%| O|  |TAMS 0x0000000704000000| PB 0x0000000703e00000| Untracked 
|  32|0x0000000704000000, 0x0000000704200000, 0x0000000704200000|100%| O|  |TAMS 0x0000000704200000| PB 0x0000000704000000| Updating 
|  33|0x0000000704200000, 0x0000000704400000, 0x0000000704400000|100%| O|  |TAMS 0x0000000704400000| PB 0x0000000704200000| Updating 
|  34|0x0000000704400000, 0x0000000704600000, 0x0000000704600000|100%| O|  |TAMS 0x0000000704600000| PB 0x0000000704600000| Untracked 
|  35|0x0000000704600000, 0x0000000704800000, 0x0000000704800000|100%| O|  |TAMS 0x0000000704800000| PB 0x0000000704600000| Updating 
|  36|0x0000000704800000, 0x0000000704a00000, 0x0000000704a00000|100%|HS|  |TAMS 0x0000000704a00000| PB 0x0000000704800000| Complete 
|  37|0x0000000704a00000, 0x0000000704c00000, 0x0000000704c00000|100%|HS|  |TAMS 0x0000000704c00000| PB 0x0000000704a00000| Complete 
|  38|0x0000000704c00000, 0x0000000704e00000, 0x0000000704e00000|100%|HC|  |TAMS 0x0000000704e00000| PB 0x0000000704c00000| Complete 
|  39|0x0000000704e00000, 0x0000000705000000, 0x0000000705000000|100%|HS|  |TAMS 0x0000000705000000| PB 0x0000000704e00000| Complete 
|  40|0x0000000705000000, 0x0000000705200000, 0x0000000705200000|100%| O|  |TAMS 0x0000000705200000| PB 0x0000000705000000| Updating 
|  41|0x0000000705200000, 0x0000000705400000, 0x0000000705400000|100%| O|  |TAMS 0x0000000705400000| PB 0x0000000705200000| Untracked 
|  42|0x0000000705400000, 0x0000000705600000, 0x0000000705600000|100%| O|  |TAMS 0x0000000705600000| PB 0x0000000705600000| Updating 
|  43|0x0000000705600000, 0x0000000705800000, 0x0000000705800000|100%| O|  |TAMS 0x0000000705800000| PB 0x0000000705800000| Untracked 
|  44|0x0000000705800000, 0x0000000705a00000, 0x0000000705a00000|100%| O|  |TAMS 0x0000000705a00000| PB 0x0000000705a00000| Untracked 
|  45|0x0000000705a00000, 0x0000000705c00000, 0x0000000705c00000|100%| O|  |TAMS 0x0000000705c00000| PB 0x0000000705c00000| Untracked 
|  46|0x0000000705c00000, 0x0000000705e00000, 0x0000000705e00000|100%| O|  |TAMS 0x0000000705e00000| PB 0x0000000705e00000| Untracked 
|  47|0x0000000705e00000, 0x0000000706000000, 0x0000000706000000|100%| O|  |TAMS 0x0000000706000000| PB 0x0000000706000000| Updating 
|  48|0x0000000706000000, 0x0000000706200000, 0x0000000706200000|100%|HS|  |TAMS 0x0000000706200000| PB 0x0000000706000000| Complete 
|  49|0x0000000706200000, 0x0000000706400000, 0x0000000706400000|100%|HC|  |TAMS 0x0000000706400000| PB 0x0000000706200000| Complete 
|  50|0x0000000706400000, 0x0000000706600000, 0x0000000706600000|100%| O|  |TAMS 0x0000000706600000| PB 0x0000000706600000| Untracked 
|  51|0x0000000706600000, 0x0000000706800000, 0x0000000706800000|100%| O|  |TAMS 0x0000000706800000| PB 0x0000000706800000| Untracked 
|  52|0x0000000706800000, 0x0000000706a00000, 0x0000000706a00000|100%| O|  |TAMS 0x0000000706a00000| PB 0x0000000706a00000| Untracked 
|  53|0x0000000706a00000, 0x0000000706c00000, 0x0000000706c00000|100%|HS|  |TAMS 0x0000000706c00000| PB 0x0000000706a00000| Complete 
|  54|0x0000000706c00000, 0x0000000706e00000, 0x0000000706e00000|100%|HC|  |TAMS 0x0000000706e00000| PB 0x0000000706c00000| Complete 
|  55|0x0000000706e00000, 0x0000000707000000, 0x0000000707000000|100%|HS|  |TAMS 0x0000000707000000| PB 0x0000000706e00000| Complete 
|  56|0x0000000707000000, 0x0000000707200000, 0x0000000707200000|100%| O|  |TAMS 0x0000000707200000| PB 0x0000000707200000| Untracked 
|  57|0x0000000707200000, 0x0000000707400000, 0x0000000707400000|100%| O|  |TAMS 0x0000000707400000| PB 0x0000000707400000| Untracked 
|  58|0x0000000707400000, 0x0000000707600000, 0x0000000707600000|100%| O|  |TAMS 0x0000000707600000| PB 0x0000000707600000| Untracked 
|  59|0x0000000707600000, 0x0000000707800000, 0x0000000707800000|100%| O|  |TAMS 0x0000000707800000| PB 0x0000000707800000| Updating 
|  60|0x0000000707800000, 0x0000000707a00000, 0x0000000707a00000|100%| O|  |TAMS 0x0000000707a00000| PB 0x0000000707a00000| Updating 
|  61|0x0000000707a00000, 0x0000000707c00000, 0x0000000707c00000|100%| O|  |TAMS 0x0000000707c00000| PB 0x0000000707c00000| Untracked 
|  62|0x0000000707c00000, 0x0000000707e00000, 0x0000000707e00000|100%| O|  |TAMS 0x0000000707e00000| PB 0x0000000707e00000| Updating 
|  63|0x0000000707e00000, 0x0000000708000000, 0x0000000708000000|100%| O|  |TAMS 0x0000000708000000| PB 0x0000000708000000| Untracked 
|  64|0x0000000708000000, 0x0000000708200000, 0x0000000708200000|100%| O|  |TAMS 0x0000000708200000| PB 0x0000000708200000| Untracked 
|  65|0x0000000708200000, 0x0000000708400000, 0x0000000708400000|100%| O|  |TAMS 0x0000000708400000| PB 0x0000000708400000| Untracked 
|  66|0x0000000708400000, 0x0000000708600000, 0x0000000708600000|100%| O|  |TAMS 0x0000000708600000| PB 0x0000000708600000| Untracked 
|  67|0x0000000708600000, 0x0000000708800000, 0x0000000708800000|100%| O|  |TAMS 0x0000000708800000| PB 0x0000000708800000| Untracked 
|  68|0x0000000708800000, 0x0000000708a00000, 0x0000000708a00000|100%| O|  |TAMS 0x0000000708a00000| PB 0x0000000708a00000| Untracked 
|  69|0x0000000708a00000, 0x0000000708c00000, 0x0000000708c00000|100%| O|  |TAMS 0x0000000708c00000| PB 0x0000000708c00000| Untracked 
|  70|0x0000000708c00000, 0x0000000708e00000, 0x0000000708e00000|100%| O|  |TAMS 0x0000000708e00000| PB 0x0000000708e00000| Untracked 
|  71|0x0000000708e00000, 0x0000000709000000, 0x0000000709000000|100%| O|  |TAMS 0x0000000709000000| PB 0x0000000709000000| Untracked 
|  72|0x0000000709000000, 0x0000000709200000, 0x0000000709200000|100%| O|  |TAMS 0x0000000709200000| PB 0x0000000709200000| Updating 
|  73|0x0000000709200000, 0x0000000709400000, 0x0000000709400000|100%| O|  |TAMS 0x0000000709400000| PB 0x0000000709400000| Untracked 
|  74|0x0000000709400000, 0x0000000709600000, 0x0000000709600000|100%| O|  |TAMS 0x0000000709600000| PB 0x0000000709600000| Untracked 
|  75|0x0000000709600000, 0x0000000709800000, 0x0000000709800000|100%| O|  |TAMS 0x0000000709800000| PB 0x0000000709800000| Updating 
|  76|0x0000000709800000, 0x0000000709a00000, 0x0000000709a00000|100%| O|  |TAMS 0x0000000709a00000| PB 0x0000000709a00000| Updating 
|  77|0x0000000709a00000, 0x0000000709c00000, 0x0000000709c00000|100%| O|  |TAMS 0x0000000709c00000| PB 0x0000000709c00000| Untracked 
|  78|0x0000000709c00000, 0x0000000709e00000, 0x0000000709e00000|100%| O|  |TAMS 0x0000000709e00000| PB 0x0000000709e00000| Updating 
|  79|0x0000000709e00000, 0x000000070a000000, 0x000000070a000000|100%| O|  |TAMS 0x000000070a000000| PB 0x000000070a000000| Untracked 
|  80|0x000000070a000000, 0x000000070a200000, 0x000000070a200000|100%| O|  |TAMS 0x000000070a200000| PB 0x000000070a200000| Untracked 
|  81|0x000000070a200000, 0x000000070a400000, 0x000000070a400000|100%| O|  |TAMS 0x000000070a400000| PB 0x000000070a400000| Untracked 
|  82|0x000000070a400000, 0x000000070a600000, 0x000000070a600000|100%| O|  |TAMS 0x000000070a600000| PB 0x000000070a600000| Untracked 
|  83|0x000000070a600000, 0x000000070a800000, 0x000000070a800000|100%| O|  |TAMS 0x000000070a800000| PB 0x000000070a800000| Untracked 
|  84|0x000000070a800000, 0x000000070aa00000, 0x000000070aa00000|100%| O|  |TAMS 0x000000070aa00000| PB 0x000000070aa00000| Untracked 
|  85|0x000000070aa00000, 0x000000070ac00000, 0x000000070ac00000|100%| O|  |TAMS 0x000000070ac00000| PB 0x000000070ac00000| Untracked 
|  86|0x000000070ac00000, 0x000000070ae00000, 0x000000070ae00000|100%| O|  |TAMS 0x000000070ae00000| PB 0x000000070ae00000| Untracked 
|  87|0x000000070ae00000, 0x000000070b000000, 0x000000070b000000|100%| O|  |TAMS 0x000000070b000000| PB 0x000000070b000000| Untracked 
|  88|0x000000070b000000, 0x000000070b200000, 0x000000070b200000|100%| O|  |TAMS 0x000000070b200000| PB 0x000000070b200000| Untracked 
|  89|0x000000070b200000, 0x000000070b400000, 0x000000070b400000|100%| O|  |TAMS 0x000000070b400000| PB 0x000000070b400000| Untracked 
|  90|0x000000070b400000, 0x000000070b600000, 0x000000070b600000|100%| O|  |TAMS 0x000000070b600000| PB 0x000000070b600000| Updating 
|  91|0x000000070b600000, 0x000000070b800000, 0x000000070b800000|100%| O|  |TAMS 0x000000070b600000| PB 0x000000070b600000| Untracked 
|  92|0x000000070b800000, 0x000000070ba00000, 0x000000070ba00000|100%| O|  |TAMS 0x000000070ba00000| PB 0x000000070ba00000| Updating 
|  93|0x000000070ba00000, 0x000000070bc00000, 0x000000070bc00000|100%| O|  |TAMS 0x000000070bc00000| PB 0x000000070bc00000| Updating 
|  94|0x000000070bc00000, 0x000000070be00000, 0x000000070be00000|100%| O|  |TAMS 0x000000070be00000| PB 0x000000070be00000| Untracked 
|  95|0x000000070be00000, 0x000000070c000000, 0x000000070c000000|100%| O|  |TAMS 0x000000070c000000| PB 0x000000070c000000| Untracked 
|  96|0x000000070c000000, 0x000000070c200000, 0x000000070c200000|100%| O|  |TAMS 0x000000070c200000| PB 0x000000070c200000| Updating 
|  97|0x000000070c200000, 0x000000070c400000, 0x000000070c400000|100%| O|  |TAMS 0x000000070c400000| PB 0x000000070c400000| Updating 
|  98|0x000000070c400000, 0x000000070c600000, 0x000000070c600000|100%| O|  |TAMS 0x000000070c600000| PB 0x000000070c600000| Updating 
|  99|0x000000070c600000, 0x000000070c800000, 0x000000070c800000|100%| O|  |TAMS 0x000000070c600000| PB 0x000000070c600000| Untracked 
| 100|0x000000070c800000, 0x000000070ca00000, 0x000000070ca00000|100%| O|  |TAMS 0x000000070ca00000| PB 0x000000070ca00000| Untracked 
| 101|0x000000070ca00000, 0x000000070cc00000, 0x000000070cc00000|100%| O|  |TAMS 0x000000070cc00000| PB 0x000000070cc00000| Untracked 
| 102|0x000000070cc00000, 0x000000070ce00000, 0x000000070ce00000|100%| O|  |TAMS 0x000000070ce00000| PB 0x000000070ce00000| Untracked 
| 103|0x000000070ce00000, 0x000000070d000000, 0x000000070d000000|100%| O|  |TAMS 0x000000070d000000| PB 0x000000070d000000| Untracked 
| 104|0x000000070d000000, 0x000000070d200000, 0x000000070d200000|100%| O|  |TAMS 0x000000070d200000| PB 0x000000070d200000| Updating 
| 105|0x000000070d200000, 0x000000070d200000, 0x000000070d400000|  0%| F|  |TAMS 0x000000070d200000| PB 0x000000070d200000| Untracked 
| 106|0x000000070d400000, 0x000000070d400000, 0x000000070d600000|  0%| F|  |TAMS 0x000000070d400000| PB 0x000000070d400000| Untracked 
| 107|0x000000070d600000, 0x000000070d800000, 0x000000070d800000|100%| O|  |TAMS 0x000000070d800000| PB 0x000000070d800000| Untracked 
| 108|0x000000070d800000, 0x000000070da00000, 0x000000070da00000|100%| O|  |TAMS 0x000000070da00000| PB 0x000000070da00000| Updating 
| 109|0x000000070da00000, 0x000000070dc00000, 0x000000070dc00000|100%| O|  |TAMS 0x000000070dc00000| PB 0x000000070dc00000| Untracked 
| 110|0x000000070dc00000, 0x000000070de00000, 0x000000070de00000|100%| O|  |TAMS 0x000000070de00000| PB 0x000000070de00000| Untracked 
| 111|0x000000070de00000, 0x000000070e000000, 0x000000070e000000|100%| O|  |TAMS 0x000000070e000000| PB 0x000000070e000000| Untracked 
| 112|0x000000070e000000, 0x000000070e200000, 0x000000070e200000|100%| O|  |TAMS 0x000000070e200000| PB 0x000000070e200000| Untracked 
| 113|0x000000070e200000, 0x000000070e400000, 0x000000070e400000|100%| O|  |TAMS 0x000000070e400000| PB 0x000000070e400000| Untracked 
| 114|0x000000070e400000, 0x000000070e600000, 0x000000070e600000|100%| O|  |TAMS 0x000000070e600000| PB 0x000000070e600000| Updating 
| 115|0x000000070e600000, 0x000000070e800000, 0x000000070e800000|100%| O|  |TAMS 0x000000070e800000| PB 0x000000070e800000| Updating 
| 116|0x000000070e800000, 0x000000070ea00000, 0x000000070ea00000|100%|HS|  |TAMS 0x000000070e800000| PB 0x000000070e800000| Complete 
| 117|0x000000070ea00000, 0x000000070ec00000, 0x000000070ec00000|100%|HC|  |TAMS 0x000000070ea00000| PB 0x000000070ea00000| Complete 
| 118|0x000000070ec00000, 0x000000070ee00000, 0x000000070ee00000|100%| O|  |TAMS 0x000000070ee00000| PB 0x000000070ee00000| Updating 
| 119|0x000000070ee00000, 0x000000070f000000, 0x000000070f000000|100%| O|  |TAMS 0x000000070ee00000| PB 0x000000070ee00000| Untracked 
| 120|0x000000070f000000, 0x000000070f200000, 0x000000070f200000|100%| O|  |TAMS 0x000000070f200000| PB 0x000000070f200000| Updating 
| 121|0x000000070f200000, 0x000000070f400000, 0x000000070f400000|100%| O|  |TAMS 0x000000070f400000| PB 0x000000070f400000| Updating 
| 122|0x000000070f400000, 0x000000070f600000, 0x000000070f600000|100%| O|  |TAMS 0x000000070f600000| PB 0x000000070f600000| Untracked 
| 123|0x000000070f600000, 0x000000070f800000, 0x000000070f800000|100%| O|  |TAMS 0x000000070f800000| PB 0x000000070f800000| Untracked 
| 124|0x000000070f800000, 0x000000070fa00000, 0x000000070fa00000|100%| O|  |TAMS 0x000000070fa00000| PB 0x000000070fa00000| Untracked 
| 125|0x000000070fa00000, 0x000000070fc00000, 0x000000070fc00000|100%| O|  |TAMS 0x000000070fc00000| PB 0x000000070fc00000| Updating 
| 126|0x000000070fc00000, 0x000000070fe00000, 0x000000070fe00000|100%| O|  |TAMS 0x000000070fe00000| PB 0x000000070fe00000| Updating 
| 127|0x000000070fe00000, 0x0000000710000000, 0x0000000710000000|100%| O|  |TAMS 0x0000000710000000| PB 0x0000000710000000| Updating 
| 128|0x0000000710000000, 0x0000000710200000, 0x0000000710200000|100%| O|  |TAMS 0x0000000710200000| PB 0x0000000710200000| Updating 
| 129|0x0000000710200000, 0x0000000710400000, 0x0000000710400000|100%| O|  |TAMS 0x0000000710400000| PB 0x0000000710400000| Updating 
| 130|0x0000000710400000, 0x0000000710600000, 0x0000000710600000|100%| O|  |TAMS 0x0000000710600000| PB 0x0000000710600000| Updating 
| 131|0x0000000710600000, 0x0000000710800000, 0x0000000710800000|100%| O|  |TAMS 0x0000000710800000| PB 0x0000000710800000| Updating 
| 132|0x0000000710800000, 0x0000000710a00000, 0x0000000710a00000|100%|HS|  |TAMS 0x0000000710a00000| PB 0x0000000710800000| Complete 
| 133|0x0000000710a00000, 0x0000000710c00000, 0x0000000710c00000|100%|HC|  |TAMS 0x0000000710c00000| PB 0x0000000710a00000| Complete 
| 134|0x0000000710c00000, 0x0000000710e00000, 0x0000000710e00000|100%|HC|  |TAMS 0x0000000710e00000| PB 0x0000000710c00000| Complete 
| 135|0x0000000710e00000, 0x0000000711000000, 0x0000000711000000|100%|HC|  |TAMS 0x0000000711000000| PB 0x0000000710e00000| Complete 
| 136|0x0000000711000000, 0x0000000711200000, 0x0000000711200000|100%| O|  |TAMS 0x0000000711200000| PB 0x0000000711200000| Updating 
| 137|0x0000000711200000, 0x0000000711400000, 0x0000000711400000|100%| O|  |TAMS 0x0000000711400000| PB 0x0000000711400000| Updating 
| 138|0x0000000711400000, 0x0000000711600000, 0x0000000711600000|100%| O|  |TAMS 0x0000000711400000| PB 0x0000000711400000| Untracked 
| 139|0x0000000711600000, 0x0000000711800000, 0x0000000711800000|100%| O|  |TAMS 0x0000000711600000| PB 0x0000000711600000| Untracked 
| 140|0x0000000711800000, 0x0000000711a00000, 0x0000000711a00000|100%| O|  |TAMS 0x0000000711800000| PB 0x0000000711800000| Untracked 
| 141|0x0000000711a00000, 0x0000000711c00000, 0x0000000711c00000|100%| O|  |TAMS 0x0000000711c00000| PB 0x0000000711c00000| Updating 
| 142|0x0000000711c00000, 0x0000000711c00000, 0x0000000711e00000|  0%| F|  |TAMS 0x0000000711c00000| PB 0x0000000711c00000| Untracked 
| 143|0x0000000711e00000, 0x0000000711e00000, 0x0000000712000000|  0%| F|  |TAMS 0x0000000711e00000| PB 0x0000000711e00000| Untracked 
| 144|0x0000000712000000, 0x0000000712200000, 0x0000000712200000|100%| O|  |TAMS 0x0000000712200000| PB 0x0000000712200000| Updating 
| 145|0x0000000712200000, 0x0000000712200000, 0x0000000712400000|  0%| F|  |TAMS 0x0000000712200000| PB 0x0000000712200000| Untracked 
| 146|0x0000000712400000, 0x00000007125a80e0, 0x0000000712600000| 82%| O|  |TAMS 0x0000000712400000| PB 0x0000000712400000| Updating 
| 147|0x0000000712600000, 0x0000000712800000, 0x0000000712800000|100%| O|  |TAMS 0x0000000712800000| PB 0x0000000712800000| Updating 
| 148|0x0000000712800000, 0x0000000712800000, 0x0000000712a00000|  0%| F|  |TAMS 0x0000000712800000| PB 0x0000000712800000| Untracked 
| 149|0x0000000712a00000, 0x0000000712a00000, 0x0000000712c00000|  0%| F|  |TAMS 0x0000000712a00000| PB 0x0000000712a00000| Untracked 
| 150|0x0000000712c00000, 0x0000000712e00000, 0x0000000712e00000|100%| O|  |TAMS 0x0000000712e00000| PB 0x0000000712e00000| Updating 
| 151|0x0000000712e00000, 0x0000000712e00000, 0x0000000713000000|  0%| F|  |TAMS 0x0000000712e00000| PB 0x0000000712e00000| Untracked 
| 152|0x0000000713000000, 0x0000000713200000, 0x0000000713200000|100%| O|  |TAMS 0x0000000713200000| PB 0x0000000713200000| Updating 
| 153|0x0000000713200000, 0x0000000713400000, 0x0000000713400000|100%| O|  |TAMS 0x0000000713400000| PB 0x0000000713400000| Updating 
| 154|0x0000000713400000, 0x0000000713600000, 0x0000000713600000|100%| O|  |TAMS 0x0000000713600000| PB 0x0000000713600000| Updating 
| 155|0x0000000713600000, 0x0000000713800000, 0x0000000713800000|100%| O|  |TAMS 0x0000000713800000| PB 0x0000000713800000| Updating 
| 156|0x0000000713800000, 0x0000000713800000, 0x0000000713a00000|  0%| F|  |TAMS 0x0000000713800000| PB 0x0000000713800000| Untracked 
| 157|0x0000000713a00000, 0x0000000713a00000, 0x0000000713c00000|  0%| F|  |TAMS 0x0000000713a00000| PB 0x0000000713a00000| Untracked 
| 158|0x0000000713c00000, 0x0000000713c00000, 0x0000000713e00000|  0%| F|  |TAMS 0x0000000713c00000| PB 0x0000000713c00000| Untracked 
| 159|0x0000000713e00000, 0x0000000713e00000, 0x0000000714000000|  0%| F|  |TAMS 0x0000000713e00000| PB 0x0000000713e00000| Untracked 
| 160|0x0000000714000000, 0x0000000714000000, 0x0000000714200000|  0%| F|  |TAMS 0x0000000714000000| PB 0x0000000714000000| Untracked 
| 161|0x0000000714200000, 0x0000000714400000, 0x0000000714400000|100%| O|  |TAMS 0x0000000714400000| PB 0x0000000714400000| Updating 
| 162|0x0000000714400000, 0x0000000714600000, 0x0000000714600000|100%| O|  |TAMS 0x0000000714600000| PB 0x0000000714600000| Updating 
| 163|0x0000000714600000, 0x0000000714800000, 0x0000000714800000|100%| O|  |TAMS 0x0000000714800000| PB 0x0000000714800000| Updating 
| 164|0x0000000714800000, 0x0000000714a00000, 0x0000000714a00000|100%| O|  |TAMS 0x0000000714a00000| PB 0x0000000714a00000| Updating 
| 165|0x0000000714a00000, 0x0000000714c00000, 0x0000000714c00000|100%| O|  |TAMS 0x0000000714c00000| PB 0x0000000714c00000| Updating 
| 166|0x0000000714c00000, 0x0000000714c00000, 0x0000000714e00000|  0%| F|  |TAMS 0x0000000714c00000| PB 0x0000000714c00000| Untracked 
| 167|0x0000000714e00000, 0x0000000714e00000, 0x0000000715000000|  0%| F|  |TAMS 0x0000000714e00000| PB 0x0000000714e00000| Untracked 
| 168|0x0000000715000000, 0x0000000715200000, 0x0000000715200000|100%| O|  |TAMS 0x0000000715200000| PB 0x0000000715200000| Updating 
| 169|0x0000000715200000, 0x0000000715400000, 0x0000000715400000|100%| O|  |TAMS 0x0000000715400000| PB 0x0000000715400000| Updating 
| 170|0x0000000715400000, 0x0000000715600000, 0x0000000715600000|100%| O|  |TAMS 0x0000000715600000| PB 0x0000000715600000| Updating 
| 171|0x0000000715600000, 0x0000000715600000, 0x0000000715800000|  0%| F|  |TAMS 0x0000000715600000| PB 0x0000000715600000| Untracked 
| 172|0x0000000715800000, 0x0000000715800000, 0x0000000715a00000|  0%| F|  |TAMS 0x0000000715800000| PB 0x0000000715800000| Untracked 
| 173|0x0000000715a00000, 0x0000000715a00000, 0x0000000715c00000|  0%| F|  |TAMS 0x0000000715a00000| PB 0x0000000715a00000| Untracked 
| 174|0x0000000715c00000, 0x0000000715c00000, 0x0000000715e00000|  0%| F|  |TAMS 0x0000000715c00000| PB 0x0000000715c00000| Untracked 
| 175|0x0000000715e00000, 0x0000000715e00000, 0x0000000716000000|  0%| F|  |TAMS 0x0000000715e00000| PB 0x0000000715e00000| Untracked 
| 176|0x0000000716000000, 0x0000000716000000, 0x0000000716200000|  0%| F|  |TAMS 0x0000000716000000| PB 0x0000000716000000| Untracked 
| 177|0x0000000716200000, 0x0000000716200000, 0x0000000716400000|  0%| F|  |TAMS 0x0000000716200000| PB 0x0000000716200000| Untracked 
| 178|0x0000000716400000, 0x0000000716400000, 0x0000000716600000|  0%| F|  |TAMS 0x0000000716400000| PB 0x0000000716400000| Untracked 
| 179|0x0000000716600000, 0x0000000716600000, 0x0000000716800000|  0%| F|  |TAMS 0x0000000716600000| PB 0x0000000716600000| Untracked 
| 180|0x0000000716800000, 0x0000000716800000, 0x0000000716a00000|  0%| F|  |TAMS 0x0000000716800000| PB 0x0000000716800000| Untracked 
| 181|0x0000000716a00000, 0x0000000716a00000, 0x0000000716c00000|  0%| F|  |TAMS 0x0000000716a00000| PB 0x0000000716a00000| Untracked 
| 182|0x0000000716c00000, 0x0000000716c00000, 0x0000000716e00000|  0%| F|  |TAMS 0x0000000716c00000| PB 0x0000000716c00000| Untracked 
| 183|0x0000000716e00000, 0x0000000716e00000, 0x0000000717000000|  0%| F|  |TAMS 0x0000000716e00000| PB 0x0000000716e00000| Untracked 
| 184|0x0000000717000000, 0x0000000717000000, 0x0000000717200000|  0%| F|  |TAMS 0x0000000717000000| PB 0x0000000717000000| Untracked 
| 185|0x0000000717200000, 0x0000000717200000, 0x0000000717400000|  0%| F|  |TAMS 0x0000000717200000| PB 0x0000000717200000| Untracked 
| 186|0x0000000717400000, 0x0000000717400000, 0x0000000717600000|  0%| F|  |TAMS 0x0000000717400000| PB 0x0000000717400000| Untracked 
| 187|0x0000000717600000, 0x0000000717600000, 0x0000000717800000|  0%| F|  |TAMS 0x0000000717600000| PB 0x0000000717600000| Untracked 
| 188|0x0000000717800000, 0x0000000717800000, 0x0000000717a00000|  0%| F|  |TAMS 0x0000000717800000| PB 0x0000000717800000| Untracked 
| 189|0x0000000717a00000, 0x0000000717a00000, 0x0000000717c00000|  0%| F|  |TAMS 0x0000000717a00000| PB 0x0000000717a00000| Untracked 
| 190|0x0000000717c00000, 0x0000000717c00000, 0x0000000717e00000|  0%| F|  |TAMS 0x0000000717c00000| PB 0x0000000717c00000| Untracked 
| 191|0x0000000717e00000, 0x0000000717e00000, 0x0000000718000000|  0%| F|  |TAMS 0x0000000717e00000| PB 0x0000000717e00000| Untracked 
| 192|0x0000000718000000, 0x0000000718000000, 0x0000000718200000|  0%| F|  |TAMS 0x0000000718000000| PB 0x0000000718000000| Untracked 
| 193|0x0000000718200000, 0x0000000718200000, 0x0000000718400000|  0%| F|  |TAMS 0x0000000718200000| PB 0x0000000718200000| Untracked 
| 194|0x0000000718400000, 0x0000000718400000, 0x0000000718600000|  0%| F|  |TAMS 0x0000000718400000| PB 0x0000000718400000| Untracked 
| 195|0x0000000718600000, 0x0000000718600000, 0x0000000718800000|  0%| F|  |TAMS 0x0000000718600000| PB 0x0000000718600000| Untracked 
| 196|0x0000000718800000, 0x0000000718800000, 0x0000000718a00000|  0%| F|  |TAMS 0x0000000718800000| PB 0x0000000718800000| Untracked 
| 197|0x0000000718a00000, 0x0000000718a00000, 0x0000000718c00000|  0%| F|  |TAMS 0x0000000718a00000| PB 0x0000000718a00000| Untracked 
| 198|0x0000000718c00000, 0x0000000718e00000, 0x0000000718e00000|100%| O|  |TAMS 0x0000000718e00000| PB 0x0000000718e00000| Updating 
| 199|0x0000000718e00000, 0x0000000719000000, 0x0000000719000000|100%| O|  |TAMS 0x0000000719000000| PB 0x0000000719000000| Updating 
| 200|0x0000000719000000, 0x0000000719000000, 0x0000000719200000|  0%| F|  |TAMS 0x0000000719000000| PB 0x0000000719000000| Untracked 
| 201|0x0000000719200000, 0x0000000719200000, 0x0000000719400000|  0%| F|  |TAMS 0x0000000719200000| PB 0x0000000719200000| Untracked 
| 202|0x0000000719400000, 0x0000000719400000, 0x0000000719600000|  0%| F|  |TAMS 0x0000000719400000| PB 0x0000000719400000| Untracked 
| 203|0x0000000719600000, 0x0000000719600000, 0x0000000719800000|  0%| F|  |TAMS 0x0000000719600000| PB 0x0000000719600000| Untracked 
| 204|0x0000000719800000, 0x0000000719800000, 0x0000000719a00000|  0%| F|  |TAMS 0x0000000719800000| PB 0x0000000719800000| Untracked 
| 205|0x0000000719a00000, 0x0000000719a00000, 0x0000000719c00000|  0%| F|  |TAMS 0x0000000719a00000| PB 0x0000000719a00000| Untracked 
| 206|0x0000000719c00000, 0x0000000719c00000, 0x0000000719e00000|  0%| F|  |TAMS 0x0000000719c00000| PB 0x0000000719c00000| Untracked 
| 207|0x0000000719e00000, 0x0000000719e00000, 0x000000071a000000|  0%| F|  |TAMS 0x0000000719e00000| PB 0x0000000719e00000| Untracked 
| 208|0x000000071a000000, 0x000000071a000000, 0x000000071a200000|  0%| F|  |TAMS 0x000000071a000000| PB 0x000000071a000000| Untracked 
| 209|0x000000071a200000, 0x000000071a200000, 0x000000071a400000|  0%| F|  |TAMS 0x000000071a200000| PB 0x000000071a200000| Untracked 
| 210|0x000000071a400000, 0x000000071a400000, 0x000000071a600000|  0%| F|  |TAMS 0x000000071a400000| PB 0x000000071a400000| Untracked 
| 211|0x000000071a600000, 0x000000071a600000, 0x000000071a800000|  0%| F|  |TAMS 0x000000071a600000| PB 0x000000071a600000| Untracked 
| 212|0x000000071a800000, 0x000000071a800000, 0x000000071aa00000|  0%| F|  |TAMS 0x000000071a800000| PB 0x000000071a800000| Untracked 
| 213|0x000000071aa00000, 0x000000071aa00000, 0x000000071ac00000|  0%| F|  |TAMS 0x000000071aa00000| PB 0x000000071aa00000| Untracked 
| 214|0x000000071ac00000, 0x000000071ac00000, 0x000000071ae00000|  0%| F|  |TAMS 0x000000071ac00000| PB 0x000000071ac00000| Untracked 
| 215|0x000000071ae00000, 0x000000071ae00000, 0x000000071b000000|  0%| F|  |TAMS 0x000000071ae00000| PB 0x000000071ae00000| Untracked 
| 216|0x000000071b000000, 0x000000071b000000, 0x000000071b200000|  0%| F|  |TAMS 0x000000071b000000| PB 0x000000071b000000| Untracked 
| 217|0x000000071b200000, 0x000000071b200000, 0x000000071b400000|  0%| F|  |TAMS 0x000000071b200000| PB 0x000000071b200000| Untracked 
| 218|0x000000071b400000, 0x000000071b400000, 0x000000071b600000|  0%| F|  |TAMS 0x000000071b400000| PB 0x000000071b400000| Untracked 
| 219|0x000000071b600000, 0x000000071b600000, 0x000000071b800000|  0%| F|  |TAMS 0x000000071b600000| PB 0x000000071b600000| Untracked 
| 220|0x000000071b800000, 0x000000071b800000, 0x000000071ba00000|  0%| F|  |TAMS 0x000000071b800000| PB 0x000000071b800000| Untracked 
| 221|0x000000071ba00000, 0x000000071ba00000, 0x000000071bc00000|  0%| F|  |TAMS 0x000000071ba00000| PB 0x000000071ba00000| Untracked 
| 222|0x000000071bc00000, 0x000000071bc00000, 0x000000071be00000|  0%| F|  |TAMS 0x000000071bc00000| PB 0x000000071bc00000| Untracked 
| 223|0x000000071be00000, 0x000000071be00000, 0x000000071c000000|  0%| F|  |TAMS 0x000000071be00000| PB 0x000000071be00000| Untracked 
| 224|0x000000071c000000, 0x000000071c000000, 0x000000071c200000|  0%| F|  |TAMS 0x000000071c000000| PB 0x000000071c000000| Untracked 
| 225|0x000000071c200000, 0x000000071c200000, 0x000000071c400000|  0%| F|  |TAMS 0x000000071c200000| PB 0x000000071c200000| Untracked 
| 226|0x000000071c400000, 0x000000071c400000, 0x000000071c600000|  0%| F|  |TAMS 0x000000071c400000| PB 0x000000071c400000| Untracked 
| 227|0x000000071c600000, 0x000000071c600000, 0x000000071c800000|  0%| F|  |TAMS 0x000000071c600000| PB 0x000000071c600000| Untracked 
| 228|0x000000071c800000, 0x000000071c800000, 0x000000071ca00000|  0%| F|  |TAMS 0x000000071c800000| PB 0x000000071c800000| Untracked 
| 229|0x000000071ca00000, 0x000000071ca00000, 0x000000071cc00000|  0%| F|  |TAMS 0x000000071ca00000| PB 0x000000071ca00000| Untracked 
| 230|0x000000071cc00000, 0x000000071cc00000, 0x000000071ce00000|  0%| F|  |TAMS 0x000000071cc00000| PB 0x000000071cc00000| Untracked 
| 231|0x000000071ce00000, 0x000000071ce00000, 0x000000071d000000|  0%| F|  |TAMS 0x000000071ce00000| PB 0x000000071ce00000| Untracked 
| 232|0x000000071d000000, 0x000000071d000000, 0x000000071d200000|  0%| F|  |TAMS 0x000000071d000000| PB 0x000000071d000000| Untracked 
| 233|0x000000071d200000, 0x000000071d200000, 0x000000071d400000|  0%| F|  |TAMS 0x000000071d200000| PB 0x000000071d200000| Untracked 
| 234|0x000000071d400000, 0x000000071d400000, 0x000000071d600000|  0%| F|  |TAMS 0x000000071d400000| PB 0x000000071d400000| Untracked 
| 235|0x000000071d600000, 0x000000071d600000, 0x000000071d800000|  0%| F|  |TAMS 0x000000071d600000| PB 0x000000071d600000| Untracked 
| 236|0x000000071d800000, 0x000000071d800000, 0x000000071da00000|  0%| F|  |TAMS 0x000000071d800000| PB 0x000000071d800000| Untracked 
| 237|0x000000071da00000, 0x000000071da00000, 0x000000071dc00000|  0%| F|  |TAMS 0x000000071da00000| PB 0x000000071da00000| Untracked 
| 238|0x000000071dc00000, 0x000000071dc00000, 0x000000071de00000|  0%| F|  |TAMS 0x000000071dc00000| PB 0x000000071dc00000| Untracked 
| 239|0x000000071de00000, 0x000000071de00000, 0x000000071e000000|  0%| F|  |TAMS 0x000000071de00000| PB 0x000000071de00000| Untracked 
| 240|0x000000071e000000, 0x000000071e000000, 0x000000071e200000|  0%| F|  |TAMS 0x000000071e000000| PB 0x000000071e000000| Untracked 
| 241|0x000000071e200000, 0x000000071e200000, 0x000000071e400000|  0%| F|  |TAMS 0x000000071e200000| PB 0x000000071e200000| Untracked 
| 242|0x000000071e400000, 0x000000071e400000, 0x000000071e600000|  0%| F|  |TAMS 0x000000071e400000| PB 0x000000071e400000| Untracked 
| 243|0x000000071e600000, 0x000000071e600000, 0x000000071e800000|  0%| F|  |TAMS 0x000000071e600000| PB 0x000000071e600000| Untracked 
| 244|0x000000071e800000, 0x000000071e800000, 0x000000071ea00000|  0%| F|  |TAMS 0x000000071e800000| PB 0x000000071e800000| Untracked 
| 245|0x000000071ea00000, 0x000000071ea00000, 0x000000071ec00000|  0%| F|  |TAMS 0x000000071ea00000| PB 0x000000071ea00000| Untracked 
| 246|0x000000071ec00000, 0x000000071ec00000, 0x000000071ee00000|  0%| F|  |TAMS 0x000000071ec00000| PB 0x000000071ec00000| Untracked 
| 247|0x000000071ee00000, 0x000000071ee00000, 0x000000071f000000|  0%| F|  |TAMS 0x000000071ee00000| PB 0x000000071ee00000| Untracked 
| 248|0x000000071f000000, 0x000000071f000000, 0x000000071f200000|  0%| F|  |TAMS 0x000000071f000000| PB 0x000000071f000000| Untracked 
| 249|0x000000071f200000, 0x000000071f200000, 0x000000071f400000|  0%| F|  |TAMS 0x000000071f200000| PB 0x000000071f200000| Untracked 
| 250|0x000000071f400000, 0x000000071f400000, 0x000000071f600000|  0%| F|  |TAMS 0x000000071f400000| PB 0x000000071f400000| Untracked 
| 251|0x000000071f600000, 0x000000071f600000, 0x000000071f800000|  0%| F|  |TAMS 0x000000071f600000| PB 0x000000071f600000| Untracked 
| 252|0x000000071f800000, 0x000000071f800000, 0x000000071fa00000|  0%| F|  |TAMS 0x000000071f800000| PB 0x000000071f800000| Untracked 
| 253|0x000000071fa00000, 0x000000071fa00000, 0x000000071fc00000|  0%| F|  |TAMS 0x000000071fa00000| PB 0x000000071fa00000| Untracked 
| 254|0x000000071fc00000, 0x000000071fc00000, 0x000000071fe00000|  0%| F|  |TAMS 0x000000071fc00000| PB 0x000000071fc00000| Untracked 
| 255|0x000000071fe00000, 0x000000071fe00000, 0x0000000720000000|  0%| F|  |TAMS 0x000000071fe00000| PB 0x000000071fe00000| Untracked 
| 256|0x0000000720000000, 0x0000000720000000, 0x0000000720200000|  0%| F|  |TAMS 0x0000000720000000| PB 0x0000000720000000| Untracked 
| 257|0x0000000720200000, 0x0000000720200000, 0x0000000720400000|  0%| F|  |TAMS 0x0000000720200000| PB 0x0000000720200000| Untracked 
| 258|0x0000000720400000, 0x0000000720400000, 0x0000000720600000|  0%| F|  |TAMS 0x0000000720400000| PB 0x0000000720400000| Untracked 
| 259|0x0000000720600000, 0x0000000720600000, 0x0000000720800000|  0%| F|  |TAMS 0x0000000720600000| PB 0x0000000720600000| Untracked 
| 260|0x0000000720800000, 0x0000000720800000, 0x0000000720a00000|  0%| F|  |TAMS 0x0000000720800000| PB 0x0000000720800000| Untracked 
| 261|0x0000000720a00000, 0x0000000720a00000, 0x0000000720c00000|  0%| F|  |TAMS 0x0000000720a00000| PB 0x0000000720a00000| Untracked 
| 262|0x0000000720c00000, 0x0000000720c00000, 0x0000000720e00000|  0%| F|  |TAMS 0x0000000720c00000| PB 0x0000000720c00000| Untracked 
| 263|0x0000000720e00000, 0x0000000720e00000, 0x0000000721000000|  0%| F|  |TAMS 0x0000000720e00000| PB 0x0000000720e00000| Untracked 
| 264|0x0000000721000000, 0x0000000721000000, 0x0000000721200000|  0%| F|  |TAMS 0x0000000721000000| PB 0x0000000721000000| Untracked 
| 265|0x0000000721200000, 0x0000000721200000, 0x0000000721400000|  0%| F|  |TAMS 0x0000000721200000| PB 0x0000000721200000| Untracked 
| 266|0x0000000721400000, 0x0000000721400000, 0x0000000721600000|  0%| F|  |TAMS 0x0000000721400000| PB 0x0000000721400000| Untracked 
| 267|0x0000000721600000, 0x0000000721600000, 0x0000000721800000|  0%| F|  |TAMS 0x0000000721600000| PB 0x0000000721600000| Untracked 
| 268|0x0000000721800000, 0x0000000721800000, 0x0000000721a00000|  0%| F|  |TAMS 0x0000000721800000| PB 0x0000000721800000| Untracked 
| 269|0x0000000721a00000, 0x0000000721a00000, 0x0000000721c00000|  0%| F|  |TAMS 0x0000000721a00000| PB 0x0000000721a00000| Untracked 
| 270|0x0000000721c00000, 0x0000000721c00000, 0x0000000721e00000|  0%| F|  |TAMS 0x0000000721c00000| PB 0x0000000721c00000| Untracked 
| 271|0x0000000721e00000, 0x0000000721e00000, 0x0000000722000000|  0%| F|  |TAMS 0x0000000721e00000| PB 0x0000000721e00000| Untracked 
| 272|0x0000000722000000, 0x0000000722000000, 0x0000000722200000|  0%| F|  |TAMS 0x0000000722000000| PB 0x0000000722000000| Untracked 
| 273|0x0000000722200000, 0x0000000722200000, 0x0000000722400000|  0%| F|  |TAMS 0x0000000722200000| PB 0x0000000722200000| Untracked 
| 274|0x0000000722400000, 0x0000000722400000, 0x0000000722600000|  0%| F|  |TAMS 0x0000000722400000| PB 0x0000000722400000| Untracked 
| 275|0x0000000722600000, 0x0000000722600000, 0x0000000722800000|  0%| F|  |TAMS 0x0000000722600000| PB 0x0000000722600000| Untracked 
| 276|0x0000000722800000, 0x0000000722800000, 0x0000000722a00000|  0%| F|  |TAMS 0x0000000722800000| PB 0x0000000722800000| Untracked 
| 277|0x0000000722a00000, 0x0000000722a00000, 0x0000000722c00000|  0%| F|  |TAMS 0x0000000722a00000| PB 0x0000000722a00000| Untracked 
| 278|0x0000000722c00000, 0x0000000722c00000, 0x0000000722e00000|  0%| F|  |TAMS 0x0000000722c00000| PB 0x0000000722c00000| Untracked 
| 279|0x0000000722e00000, 0x0000000722e00000, 0x0000000723000000|  0%| F|  |TAMS 0x0000000722e00000| PB 0x0000000722e00000| Untracked 
| 280|0x0000000723000000, 0x0000000723000000, 0x0000000723200000|  0%| F|  |TAMS 0x0000000723000000| PB 0x0000000723000000| Untracked 
| 281|0x0000000723200000, 0x0000000723200000, 0x0000000723400000|  0%| F|  |TAMS 0x0000000723200000| PB 0x0000000723200000| Untracked 
| 282|0x0000000723400000, 0x0000000723400000, 0x0000000723600000|  0%| F|  |TAMS 0x0000000723400000| PB 0x0000000723400000| Untracked 
| 283|0x0000000723600000, 0x0000000723600000, 0x0000000723800000|  0%| F|  |TAMS 0x0000000723600000| PB 0x0000000723600000| Untracked 
| 284|0x0000000723800000, 0x0000000723800000, 0x0000000723a00000|  0%| F|  |TAMS 0x0000000723800000| PB 0x0000000723800000| Untracked 
| 285|0x0000000723a00000, 0x0000000723a00000, 0x0000000723c00000|  0%| F|  |TAMS 0x0000000723a00000| PB 0x0000000723a00000| Untracked 
| 286|0x0000000723c00000, 0x0000000723c00000, 0x0000000723e00000|  0%| F|  |TAMS 0x0000000723c00000| PB 0x0000000723c00000| Untracked 
| 287|0x0000000723e00000, 0x0000000723e00000, 0x0000000724000000|  0%| F|  |TAMS 0x0000000723e00000| PB 0x0000000723e00000| Untracked 
| 288|0x0000000724000000, 0x0000000724000000, 0x0000000724200000|  0%| F|  |TAMS 0x0000000724000000| PB 0x0000000724000000| Untracked 
| 289|0x0000000724200000, 0x0000000724200000, 0x0000000724400000|  0%| F|  |TAMS 0x0000000724200000| PB 0x0000000724200000| Untracked 
| 290|0x0000000724400000, 0x00000007244fb040, 0x0000000724600000| 49%| S|CS|TAMS 0x0000000724400000| PB 0x0000000724400000| Complete 
| 291|0x0000000724600000, 0x0000000724800000, 0x0000000724800000|100%| S|CS|TAMS 0x0000000724600000| PB 0x0000000724600000| Complete 
| 292|0x0000000724800000, 0x0000000724800000, 0x0000000724a00000|  0%| F|  |TAMS 0x0000000724800000| PB 0x0000000724800000| Untracked 
| 293|0x0000000724a00000, 0x0000000724a00000, 0x0000000724c00000|  0%| F|  |TAMS 0x0000000724a00000| PB 0x0000000724a00000| Untracked 
| 294|0x0000000724c00000, 0x0000000724c00000, 0x0000000724e00000|  0%| F|  |TAMS 0x0000000724c00000| PB 0x0000000724c00000| Untracked 
| 295|0x0000000724e00000, 0x0000000724e00000, 0x0000000725000000|  0%| F|  |TAMS 0x0000000724e00000| PB 0x0000000724e00000| Untracked 
| 296|0x0000000725000000, 0x0000000725000000, 0x0000000725200000|  0%| F|  |TAMS 0x0000000725000000| PB 0x0000000725000000| Untracked 
| 297|0x0000000725200000, 0x0000000725200000, 0x0000000725400000|  0%| F|  |TAMS 0x0000000725200000| PB 0x0000000725200000| Untracked 
| 298|0x0000000725400000, 0x0000000725400000, 0x0000000725600000|  0%| F|  |TAMS 0x0000000725400000| PB 0x0000000725400000| Untracked 
| 299|0x0000000725600000, 0x0000000725600000, 0x0000000725800000|  0%| F|  |TAMS 0x0000000725600000| PB 0x0000000725600000| Untracked 
| 300|0x0000000725800000, 0x0000000725800000, 0x0000000725a00000|  0%| F|  |TAMS 0x0000000725800000| PB 0x0000000725800000| Untracked 
| 301|0x0000000725a00000, 0x0000000725a00000, 0x0000000725c00000|  0%| F|  |TAMS 0x0000000725a00000| PB 0x0000000725a00000| Untracked 
| 302|0x0000000725c00000, 0x0000000725c00000, 0x0000000725e00000|  0%| F|  |TAMS 0x0000000725c00000| PB 0x0000000725c00000| Untracked 
| 303|0x0000000725e00000, 0x0000000725e00000, 0x0000000726000000|  0%| F|  |TAMS 0x0000000725e00000| PB 0x0000000725e00000| Untracked 
| 304|0x0000000726000000, 0x0000000726000000, 0x0000000726200000|  0%| F|  |TAMS 0x0000000726000000| PB 0x0000000726000000| Untracked 
| 305|0x0000000726200000, 0x0000000726200000, 0x0000000726400000|  0%| F|  |TAMS 0x0000000726200000| PB 0x0000000726200000| Untracked 
| 306|0x0000000726400000, 0x0000000726400000, 0x0000000726600000|  0%| F|  |TAMS 0x0000000726400000| PB 0x0000000726400000| Untracked 
| 307|0x0000000726600000, 0x0000000726600000, 0x0000000726800000|  0%| F|  |TAMS 0x0000000726600000| PB 0x0000000726600000| Untracked 
| 308|0x0000000726800000, 0x0000000726800000, 0x0000000726a00000|  0%| F|  |TAMS 0x0000000726800000| PB 0x0000000726800000| Untracked 
| 309|0x0000000726a00000, 0x0000000726a00000, 0x0000000726c00000|  0%| F|  |TAMS 0x0000000726a00000| PB 0x0000000726a00000| Untracked 
| 310|0x0000000726c00000, 0x0000000726c00000, 0x0000000726e00000|  0%| F|  |TAMS 0x0000000726c00000| PB 0x0000000726c00000| Untracked 
| 311|0x0000000726e00000, 0x0000000726e00000, 0x0000000727000000|  0%| F|  |TAMS 0x0000000726e00000| PB 0x0000000726e00000| Untracked 
| 312|0x0000000727000000, 0x0000000727000000, 0x0000000727200000|  0%| F|  |TAMS 0x0000000727000000| PB 0x0000000727000000| Untracked 
| 313|0x0000000727200000, 0x0000000727200000, 0x0000000727400000|  0%| F|  |TAMS 0x0000000727200000| PB 0x0000000727200000| Untracked 
| 314|0x0000000727400000, 0x0000000727400000, 0x0000000727600000|  0%| F|  |TAMS 0x0000000727400000| PB 0x0000000727400000| Untracked 
| 315|0x0000000727600000, 0x0000000727600000, 0x0000000727800000|  0%| F|  |TAMS 0x0000000727600000| PB 0x0000000727600000| Untracked 
| 316|0x0000000727800000, 0x0000000727800000, 0x0000000727a00000|  0%| F|  |TAMS 0x0000000727800000| PB 0x0000000727800000| Untracked 
| 317|0x0000000727a00000, 0x0000000727a00000, 0x0000000727c00000|  0%| F|  |TAMS 0x0000000727a00000| PB 0x0000000727a00000| Untracked 
| 318|0x0000000727c00000, 0x0000000727c00000, 0x0000000727e00000|  0%| F|  |TAMS 0x0000000727c00000| PB 0x0000000727c00000| Untracked 
| 319|0x0000000727e00000, 0x0000000727e00000, 0x0000000728000000|  0%| F|  |TAMS 0x0000000727e00000| PB 0x0000000727e00000| Untracked 
| 320|0x0000000728000000, 0x0000000728000000, 0x0000000728200000|  0%| F|  |TAMS 0x0000000728000000| PB 0x0000000728000000| Untracked 
| 321|0x0000000728200000, 0x0000000728200000, 0x0000000728400000|  0%| F|  |TAMS 0x0000000728200000| PB 0x0000000728200000| Untracked 
| 322|0x0000000728400000, 0x0000000728400000, 0x0000000728600000|  0%| F|  |TAMS 0x0000000728400000| PB 0x0000000728400000| Untracked 
| 323|0x0000000728600000, 0x0000000728600000, 0x0000000728800000|  0%| F|  |TAMS 0x0000000728600000| PB 0x0000000728600000| Untracked 
| 324|0x0000000728800000, 0x0000000728800000, 0x0000000728a00000|  0%| F|  |TAMS 0x0000000728800000| PB 0x0000000728800000| Untracked 
| 325|0x0000000728a00000, 0x0000000728a00000, 0x0000000728c00000|  0%| F|  |TAMS 0x0000000728a00000| PB 0x0000000728a00000| Untracked 
| 326|0x0000000728c00000, 0x0000000728c00000, 0x0000000728e00000|  0%| F|  |TAMS 0x0000000728c00000| PB 0x0000000728c00000| Untracked 
| 327|0x0000000728e00000, 0x0000000728e00000, 0x0000000729000000|  0%| F|  |TAMS 0x0000000728e00000| PB 0x0000000728e00000| Untracked 
| 328|0x0000000729000000, 0x0000000729000000, 0x0000000729200000|  0%| F|  |TAMS 0x0000000729000000| PB 0x0000000729000000| Untracked 
| 329|0x0000000729200000, 0x0000000729200000, 0x0000000729400000|  0%| F|  |TAMS 0x0000000729200000| PB 0x0000000729200000| Untracked 
| 330|0x0000000729400000, 0x0000000729400000, 0x0000000729600000|  0%| F|  |TAMS 0x0000000729400000| PB 0x0000000729400000| Untracked 
| 331|0x0000000729600000, 0x0000000729600000, 0x0000000729800000|  0%| F|  |TAMS 0x0000000729600000| PB 0x0000000729600000| Untracked 
| 332|0x0000000729800000, 0x0000000729800000, 0x0000000729a00000|  0%| F|  |TAMS 0x0000000729800000| PB 0x0000000729800000| Untracked 
| 333|0x0000000729a00000, 0x0000000729a00000, 0x0000000729c00000|  0%| F|  |TAMS 0x0000000729a00000| PB 0x0000000729a00000| Untracked 
| 334|0x0000000729c00000, 0x0000000729c00000, 0x0000000729e00000|  0%| F|  |TAMS 0x0000000729c00000| PB 0x0000000729c00000| Untracked 
| 335|0x0000000729e00000, 0x0000000729e00000, 0x000000072a000000|  0%| F|  |TAMS 0x0000000729e00000| PB 0x0000000729e00000| Untracked 
| 336|0x000000072a000000, 0x000000072a000000, 0x000000072a200000|  0%| F|  |TAMS 0x000000072a000000| PB 0x000000072a000000| Untracked 
| 337|0x000000072a200000, 0x000000072a200000, 0x000000072a400000|  0%| F|  |TAMS 0x000000072a200000| PB 0x000000072a200000| Untracked 
| 338|0x000000072a400000, 0x000000072a400000, 0x000000072a600000|  0%| F|  |TAMS 0x000000072a400000| PB 0x000000072a400000| Untracked 
| 339|0x000000072a600000, 0x000000072a600000, 0x000000072a800000|  0%| F|  |TAMS 0x000000072a600000| PB 0x000000072a600000| Untracked 
| 340|0x000000072a800000, 0x000000072a800000, 0x000000072aa00000|  0%| F|  |TAMS 0x000000072a800000| PB 0x000000072a800000| Untracked 
| 341|0x000000072aa00000, 0x000000072aa00000, 0x000000072ac00000|  0%| F|  |TAMS 0x000000072aa00000| PB 0x000000072aa00000| Untracked 
| 342|0x000000072ac00000, 0x000000072ac00000, 0x000000072ae00000|  0%| F|  |TAMS 0x000000072ac00000| PB 0x000000072ac00000| Untracked 
| 343|0x000000072ae00000, 0x000000072ae00000, 0x000000072b000000|  0%| F|  |TAMS 0x000000072ae00000| PB 0x000000072ae00000| Untracked 
| 344|0x000000072b000000, 0x000000072b000000, 0x000000072b200000|  0%| F|  |TAMS 0x000000072b000000| PB 0x000000072b000000| Untracked 
| 345|0x000000072b200000, 0x000000072b200000, 0x000000072b400000|  0%| F|  |TAMS 0x000000072b200000| PB 0x000000072b200000| Untracked 
| 346|0x000000072b400000, 0x000000072b400000, 0x000000072b600000|  0%| F|  |TAMS 0x000000072b400000| PB 0x000000072b400000| Untracked 
| 347|0x000000072b600000, 0x000000072b600000, 0x000000072b800000|  0%| F|  |TAMS 0x000000072b600000| PB 0x000000072b600000| Untracked 
| 348|0x000000072b800000, 0x000000072b800000, 0x000000072ba00000|  0%| F|  |TAMS 0x000000072b800000| PB 0x000000072b800000| Untracked 
| 349|0x000000072ba00000, 0x000000072ba00000, 0x000000072bc00000|  0%| F|  |TAMS 0x000000072ba00000| PB 0x000000072ba00000| Untracked 
| 350|0x000000072bc00000, 0x000000072bc00000, 0x000000072be00000|  0%| F|  |TAMS 0x000000072bc00000| PB 0x000000072bc00000| Untracked 
|2029|0x00000007fda00000, 0x00000007fdc00000, 0x00000007fdc00000|100%| O|  |TAMS 0x00000007fdac4740| PB 0x00000007fda00000| Updating 
|2030|0x00000007fdc00000, 0x00000007fde00000, 0x00000007fde00000|100%| O|  |TAMS 0x00000007fde00000| PB 0x00000007fdc00000| Updating 
|2031|0x00000007fde00000, 0x00000007fe000000, 0x00000007fe000000|100%| O|  |TAMS 0x00000007fe000000| PB 0x00000007fde00000| Updating 
|2032|0x00000007fe000000, 0x00000007fe200000, 0x00000007fe200000|100%| O|  |TAMS 0x00000007fe200000| PB 0x00000007fe000000| Updating 
|2033|0x00000007fe200000, 0x00000007fe400000, 0x00000007fe400000|100%| O|  |TAMS 0x00000007fe400000| PB 0x00000007fe200000| Updating 
|2034|0x00000007fe400000, 0x00000007fe600000, 0x00000007fe600000|100%| O|  |TAMS 0x00000007fe600000| PB 0x00000007fe400000| Updating 
|2035|0x00000007fe600000, 0x00000007fe800000, 0x00000007fe800000|100%| O|  |TAMS 0x00000007fe800000| PB 0x00000007fe600000| Updating 
|2036|0x00000007fe800000, 0x00000007fea00000, 0x00000007fea00000|100%| O|  |TAMS 0x00000007fea00000| PB 0x00000007fe800000| Updating 
|2037|0x00000007fea00000, 0x00000007fec00000, 0x00000007fec00000|100%| O|  |TAMS 0x00000007fec00000| PB 0x00000007fea00000| Updating 
|2038|0x00000007fec00000, 0x00000007fee00000, 0x00000007fee00000|100%| O|  |TAMS 0x00000007fee00000| PB 0x00000007fec00000| Updating 
|2039|0x00000007fee00000, 0x00000007ff000000, 0x00000007ff000000|100%| O|  |TAMS 0x00000007ff000000| PB 0x00000007fee00000| Updating 
|2040|0x00000007ff000000, 0x00000007ff200000, 0x00000007ff200000|100%| O|  |TAMS 0x00000007ff200000| PB 0x00000007ff000000| Updating 
|2041|0x00000007ff200000, 0x00000007ff400000, 0x00000007ff400000|100%| O|  |TAMS 0x00000007ff400000| PB 0x00000007ff200000| Updating 
|2042|0x00000007ff400000, 0x00000007ff400000, 0x00000007ff600000|  0%| F|  |TAMS 0x00000007ff400000| PB 0x00000007ff400000| Untracked 
|2043|0x00000007ff600000, 0x00000007ff800000, 0x00000007ff800000|100%| O|  |TAMS 0x00000007ff800000| PB 0x00000007ff600000| Updating 
|2044|0x00000007ff800000, 0x00000007ff800000, 0x00000007ffa00000|  0%| F|  |TAMS 0x00000007ff800000| PB 0x00000007ff800000| Untracked 
|2045|0x00000007ffa00000, 0x00000007ffc00000, 0x00000007ffc00000|100%| O|  |TAMS 0x00000007ffc00000| PB 0x00000007ffa00000| Updating 
|2046|0x00000007ffc00000, 0x00000007ffe00000, 0x00000007ffe00000|100%| O|  |TAMS 0x00000007ffe00000| PB 0x00000007ffc00000| Untracked 
|2047|0x00000007ffe00000, 0x00000007ffe00000, 0x0000000800000000|  0%| F|  |TAMS 0x00000007ffe00000| PB 0x00000007ffe00000| Untracked 

Card table byte_map: [0x000002283dce0000,0x000002283e4e0000] _byte_map_base: 0x000002283a4e0000

Marking Bits: (CMBitMap*) 0x000002282b0bdcc0
 Bits: [0x000002283e4e0000, 0x00000228424e0000)

Polling page: 0x0000022829020000

Metaspace:

Usage:
  Non-class:    197.77 MB used.
      Class:     29.21 MB used.
       Both:    226.98 MB used.

Virtual space:
  Non-class space:      256.00 MB reserved,     199.31 MB ( 78%) committed,  4 nodes.
      Class space:        1.00 GB reserved,      30.75 MB (  3%) committed,  1 nodes.
             Both:        1.25 GB reserved,     230.06 MB ( 18%) committed. 

Chunk freelists:
   Non-Class:  8.35 MB
       Class:  1.11 MB
        Both:  9.46 MB

MaxMetaspaceSize: unlimited
CompressedClassSpaceSize: 1.00 GB
Initial GC threshold: 21.00 MB
Current GC threshold: 383.44 MB
CDS: off
 - commit_granule_bytes: 65536.
 - commit_granule_words: 8192.
 - virtual_space_node_default_size: 8388608.
 - enlarge_chunks_in_place: 1.
 - use_allocation_guard: 0.


Internal statistics:

num_allocs_failed_limit: 6.
num_arena_births: 5794.
num_arena_deaths: 18.
num_vsnodes_births: 5.
num_vsnodes_deaths: 0.
num_space_committed: 3678.
num_space_uncommitted: 0.
num_chunks_returned_to_freelist: 33.
num_chunks_taken_from_freelist: 15079.
num_chunk_merges: 9.
num_chunk_splits: 10508.
num_chunks_enlarged: 7375.
num_inconsistent_stats: 0.

CodeHeap 'non-profiled nmethods': size=120000Kb used=16266Kb max_used=17155Kb free=103733Kb
 bounds [0x0000022835c80000, 0x0000022836d50000, 0x000002283d1b0000]
CodeHeap 'profiled nmethods': size=120000Kb used=33450Kb max_used=52073Kb free=86549Kb
 bounds [0x000002282e1b0000, 0x0000022831490000, 0x00000228356e0000]
CodeHeap 'non-nmethods': size=5760Kb used=3352Kb max_used=3444Kb free=2407Kb
 bounds [0x00000228356e0000, 0x0000022835a60000, 0x0000022835c80000]
 total_blobs=17264 nmethods=15921 adapters=1244
 compilation: enabled
              stopped_count=0, restarted_count=0
 full_count=0

Compilation events (20 events):
Event: 420.899 Thread 0x00000228450f9f00 38575       3       org.apache.commons.io.FilenameUtils::indexOfExtension (61 bytes)
Event: 420.907 Thread 0x00000228450f9f00 nmethod 38575 0x000002282e566c90 code [0x000002282e566f60, 0x000002282e567b48]
Event: 421.432 Thread 0x00000228450f9f00 38576       3       java.lang.Class::getCanonicalName (46 bytes)
Event: 421.438 Thread 0x00000228450f9f00 nmethod 38576 0x000002282e236d90 code [0x000002282e236f80, 0x000002282e2372a0]
Event: 421.825 Thread 0x00000228450f3f60 38577       4       java.lang.ThreadLocal$ThreadLocalMap::remove (68 bytes)
Event: 421.859 Thread 0x00000228450f3f60 nmethod 38577 0x000002283660da90 code [0x000002283660dc80, 0x000002283660e3d8]
Event: 422.188 Thread 0x00000228450f3f60 38578       4       jdk.internal.misc.InternalLock::newLockOr (18 bytes)
Event: 422.194 Thread 0x00000228450f3f60 nmethod 38578 0x0000022836027590 code [0x0000022836027740, 0x0000022836027a68]
Event: 422.210 Thread 0x00000228450f3f60 38579       4       org.gradle.api.internal.changedetection.state.ZipHasher::isZipFile (19 bytes)
Event: 422.409 Thread 0x00000228450f3f60 nmethod 38579 0x000002283638c610 code [0x000002283638c900, 0x000002283638e088]
Event: 422.913 Thread 0x00000228450f9f00 38580       3       org.gradle.api.internal.changedetection.state.PropertyResourceBundleFallbackCharset$FallbackDecoder::mark (6 bytes)
Event: 422.913 Thread 0x00000228450f3f60 38581       4       java.util.Hashtable::<init> (9 bytes)
Event: 422.918 Thread 0x00000228450f9f00 nmethod 38580 0x000002282e1b9190 code [0x000002282e1b9340, 0x000002282e1b94f8]
Event: 422.921 Thread 0x00000228450f3f60 nmethod 38581 0x0000022835d2b210 code [0x0000022835d2b3a0, 0x0000022835d2b5d0]
Event: 423.433 Thread 0x00000228450f9f00 38583       3       org.gradle.launcher.daemon.registry.PersistentDaemonRegistry$1::isSatisfiedBy (9 bytes)
Event: 423.439 Thread 0x00000228450f9f00 nmethod 38583 0x000002282e7dc390 code [0x000002282e7dc540, 0x000002282e7dc840]
Event: 423.440 Thread 0x00000228450f9f00 38584       3       org.gradle.launcher.daemon.registry.PersistentDaemonRegistry$1::isSatisfiedBy (16 bytes)
Event: 423.440 Thread 0x00000228450f9f00 nmethod 38584 0x000002282e249a10 code [0x000002282e249bc0, 0x000002282e249d60]
Event: 423.442 Thread 0x00000228450f3f60 38585       4       java.lang.ThreadLocal::remove (8 bytes)
Event: 423.458 Thread 0x00000228450f3f60 nmethod 38585 0x0000022835f94390 code [0x0000022835f94580, 0x0000022835f94d80]

GC Heap History (20 events):
Event: 276.670 GC heap after
{Heap after GC invocations=92 (full 0):
 garbage-first heap   total 708608K, used 330361K [0x0000000700000000, 0x0000000800000000)
  region size 2048K, 3 young (6144K), 3 survivors (6144K)
 Metaspace       used 225044K, committed 228096K, reserved 1310720K
  class space    used 29035K, committed 30528K, reserved 1048576K
}
Event: 279.825 GC heap before
{Heap before GC invocations=92 (full 0):
 garbage-first heap   total 708608K, used 651897K [0x0000000700000000, 0x0000000800000000)
  region size 2048K, 160 young (327680K), 3 survivors (6144K)
 Metaspace       used 225055K, committed 228096K, reserved 1310720K
  class space    used 29035K, committed 30528K, reserved 1048576K
}
Event: 279.837 GC heap after
{Heap after GC invocations=93 (full 0):
 garbage-first heap   total 708608K, used 331607K [0x0000000700000000, 0x0000000800000000)
  region size 2048K, 4 young (8192K), 4 survivors (8192K)
 Metaspace       used 225055K, committed 228096K, reserved 1310720K
  class space    used 29035K, committed 30528K, reserved 1048576K
}
Event: 283.310 GC heap before
{Heap before GC invocations=94 (full 0):
 garbage-first heap   total 708608K, used 659287K [0x0000000700000000, 0x0000000800000000)
  region size 2048K, 164 young (335872K), 4 survivors (8192K)
 Metaspace       used 225075K, committed 228096K, reserved 1310720K
  class space    used 29037K, committed 30528K, reserved 1048576K
}
Event: 283.328 GC heap after
{Heap after GC invocations=95 (full 0):
 garbage-first heap   total 708608K, used 333721K [0x0000000700000000, 0x0000000800000000)
  region size 2048K, 5 young (10240K), 5 survivors (10240K)
 Metaspace       used 225075K, committed 228096K, reserved 1310720K
  class space    used 29037K, committed 30528K, reserved 1048576K
}
Event: 286.662 GC heap before
{Heap before GC invocations=95 (full 0):
 garbage-first heap   total 708608K, used 659353K [0x0000000700000000, 0x0000000800000000)
  region size 2048K, 164 young (335872K), 5 survivors (10240K)
 Metaspace       used 225080K, committed 228096K, reserved 1310720K
  class space    used 29037K, committed 30528K, reserved 1048576K
}
Event: 286.681 GC heap after
{Heap after GC invocations=96 (full 0):
 garbage-first heap   total 708608K, used 319688K [0x0000000700000000, 0x0000000800000000)
  region size 2048K, 6 young (12288K), 6 survivors (12288K)
 Metaspace       used 225080K, committed 228096K, reserved 1310720K
  class space    used 29037K, committed 30528K, reserved 1048576K
}
Event: 289.517 GC heap before
{Heap before GC invocations=96 (full 0):
 garbage-first heap   total 708608K, used 657608K [0x0000000700000000, 0x0000000800000000)
  region size 2048K, 171 young (350208K), 6 survivors (12288K)
 Metaspace       used 225197K, committed 228224K, reserved 1310720K
  class space    used 29043K, committed 30528K, reserved 1048576K
}
Event: 289.567 GC heap after
{Heap after GC invocations=97 (full 0):
 garbage-first heap   total 708608K, used 333101K [0x0000000700000000, 0x0000000800000000)
  region size 2048K, 12 young (24576K), 12 survivors (24576K)
 Metaspace       used 225197K, committed 228224K, reserved 1310720K
  class space    used 29043K, committed 30528K, reserved 1048576K
}
Event: 294.570 GC heap before
{Heap before GC invocations=98 (full 0):
 garbage-first heap   total 708608K, used 683309K [0x0000000700000000, 0x0000000800000000)
  region size 2048K, 165 young (337920K), 12 survivors (24576K)
 Metaspace       used 227234K, committed 230272K, reserved 1310720K
  class space    used 29296K, committed 30784K, reserved 1048576K
}
Event: 294.695 GC heap after
{Heap after GC invocations=99 (full 0):
 garbage-first heap   total 753664K, used 390908K [0x0000000700000000, 0x0000000800000000)
  region size 2048K, 21 young (43008K), 21 survivors (43008K)
 Metaspace       used 227234K, committed 230272K, reserved 1310720K
  class space    used 29296K, committed 30784K, reserved 1048576K
}
Event: 317.152 GC heap before
{Heap before GC invocations=99 (full 0):
 garbage-first heap   total 753664K, used 702204K [0x0000000700000000, 0x0000000800000000)
  region size 2048K, 158 young (323584K), 21 survivors (43008K)
 Metaspace       used 228500K, committed 231680K, reserved 1310720K
  class space    used 29439K, committed 31040K, reserved 1048576K
}
Event: 318.386 GC heap after
{Heap after GC invocations=100 (full 0):
 garbage-first heap   total 757760K, used 373185K [0x0000000700000000, 0x0000000800000000)
  region size 2048K, 7 young (14336K), 7 survivors (14336K)
 Metaspace       used 228500K, committed 231680K, reserved 1310720K
  class space    used 29439K, committed 31040K, reserved 1048576K
}
Event: 405.255 GC heap before
{Heap before GC invocations=100 (full 0):
 garbage-first heap   total 757760K, used 518593K [0x0000000700000000, 0x0000000800000000)
  region size 2048K, 80 young (163840K), 7 survivors (14336K)
 Metaspace       used 232412K, committed 235584K, reserved 1310720K
  class space    used 29906K, committed 31488K, reserved 1048576K
}
Event: 406.084 GC heap after
{Heap after GC invocations=101 (full 0):
 garbage-first heap   total 757760K, used 374693K [0x0000000700000000, 0x0000000800000000)
  region size 2048K, 8 young (16384K), 8 survivors (16384K)
 Metaspace       used 232412K, committed 235584K, reserved 1310720K
  class space    used 29906K, committed 31488K, reserved 1048576K
}
Event: 407.821 GC heap before
{Heap before GC invocations=101 (full 0):
 garbage-first heap   total 757760K, used 397221K [0x0000000700000000, 0x0000000800000000)
  region size 2048K, 18 young (36864K), 8 survivors (16384K)
 Metaspace       used 232429K, committed 235584K, reserved 1310720K
  class space    used 29911K, committed 31488K, reserved 1048576K
}
Event: 407.983 GC heap after
{Heap after GC invocations=102 (full 0):
 garbage-first heap   total 757760K, used 381258K [0x0000000700000000, 0x0000000800000000)
  region size 2048K, 2 young (4096K), 2 survivors (4096K)
 Metaspace       used 232429K, committed 235584K, reserved 1310720K
  class space    used 29911K, committed 31488K, reserved 1048576K
}
Event: 411.365 GC heap before
{Heap before GC invocations=102 (full 0):
 garbage-first heap   total 757760K, used 440650K [0x0000000700000000, 0x0000000800000000)
  region size 2048K, 32 young (65536K), 2 survivors (4096K)
 Metaspace       used 232429K, committed 235584K, reserved 1310720K
  class space    used 29911K, committed 31488K, reserved 1048576K
}
Event: 411.455 GC heap after
{Heap after GC invocations=103 (full 0):
 garbage-first heap   total 757760K, used 380091K [0x0000000700000000, 0x0000000800000000)
  region size 2048K, 1 young (2048K), 1 survivors (2048K)
 Metaspace       used 232429K, committed 235584K, reserved 1310720K
  class space    used 29911K, committed 31488K, reserved 1048576K
}
Event: 424.398 GC heap before
{Heap before GC invocations=103 (full 0):
 garbage-first heap   total 757760K, used 482491K [0x0000000700000000, 0x0000000800000000)
  region size 2048K, 62 young (126976K), 1 survivors (2048K)
 Metaspace       used 232423K, committed 235584K, reserved 1310720K
  class space    used 29908K, committed 31488K, reserved 1048576K
}

Dll operation events (3 events):
Event: 0.015 Loaded shared library C:\Program Files\Android\Android Studio\jbr\bin\java.dll
Event: 0.020 Loaded shared library C:\Program Files\Android\Android Studio\jbr\bin\zip.dll
Event: 0.811 Loaded shared library C:\Program Files\Android\Android Studio\jbr\bin\verify.dll

Deoptimization events (20 events):
Event: 411.470 Thread 0x000002284edb8340 DEOPT PACKING pc=0x000002282e55c358 sp=0x000000354dbfb740
Event: 411.472 Thread 0x000002284edb8340 DEOPT UNPACKING pc=0x0000022835734e42 sp=0x000000354dbfabf8 mode 0
Event: 411.478 Thread 0x000002284edb8340 Uncommon trap: trap_request=0xffffff45 fr.pc=0x00000228360ea99c relative=0x00000000000002bc
Event: 411.478 Thread 0x000002284edb8340 Uncommon trap: reason=unstable_if action=reinterpret pc=0x00000228360ea99c method=java.lang.String.encodeUTF8(B[BZ)[B @ 2 c2
Event: 411.478 Thread 0x000002284edb8340 DEOPT PACKING pc=0x00000228360ea99c sp=0x000000354dbfb470
Event: 411.480 Thread 0x000002284edb8340 DEOPT UNPACKING pc=0x00000228357346a2 sp=0x000000354dbfb370 mode 2
Event: 417.328 Thread 0x000002284edb8340 Uncommon trap: trap_request=0xffffff45 fr.pc=0x0000022836d3f788 relative=0x0000000000000e28
Event: 417.329 Thread 0x000002284edb8340 Uncommon trap: reason=unstable_if action=reinterpret pc=0x0000022836d3f788 method=java.util.Properties.loadConvert([CIILjava/lang/StringBuilder;)Ljava/lang/String; @ 148 c2
Event: 417.329 Thread 0x000002284edb8340 DEOPT PACKING pc=0x0000022836d3f788 sp=0x000000354dbfb6c0
Event: 417.329 Thread 0x000002284edb8340 DEOPT UNPACKING pc=0x00000228357346a2 sp=0x000000354dbfb670 mode 2
Event: 417.362 Thread 0x000002284edb8340 DEOPT PACKING pc=0x000002282eb8b539 sp=0x000000354dbfb450
Event: 417.363 Thread 0x000002284edb8340 DEOPT UNPACKING pc=0x0000022835734e42 sp=0x000000354dbfa940 mode 0
Event: 417.425 Thread 0x000002284edb8340 Uncommon trap: trap_request=0xffffff45 fr.pc=0x0000022836d1d1d0 relative=0x00000000000013d0
Event: 417.428 Thread 0x000002284edb8340 Uncommon trap: reason=unstable_if action=reinterpret pc=0x0000022836d1d1d0 method=org.apache.commons.io.FilenameUtils.indexOfExtension(Ljava/lang/String;)I @ 52 c2
Event: 417.428 Thread 0x000002284edb8340 DEOPT PACKING pc=0x0000022836d1d1d0 sp=0x000000354dbfbeb0
Event: 417.429 Thread 0x000002284edb8340 DEOPT UNPACKING pc=0x00000228357346a2 sp=0x000000354dbfbdb8 mode 2
Event: 420.791 Thread 0x000002284edb8340 Uncommon trap: trap_request=0xffffff45 fr.pc=0x0000022836d12d90 relative=0x00000000000005d0
Event: 420.791 Thread 0x000002284edb8340 Uncommon trap: reason=unstable_if action=reinterpret pc=0x0000022836d12d90 method=org.apache.commons.io.FilenameUtils.indexOfExtension(Ljava/lang/String;)I @ 52 c2
Event: 420.791 Thread 0x000002284edb8340 DEOPT PACKING pc=0x0000022836d12d90 sp=0x000000354dbfbe30
Event: 420.791 Thread 0x000002284edb8340 DEOPT UNPACKING pc=0x00000228357346a2 sp=0x000000354dbfbdd0 mode 2

Classes loaded (20 events):
Event: 372.205 Loading class com/sun/crypto/provider/ChaCha20Cipher$EngineAEADEnc
Event: 372.211 Loading class com/sun/crypto/provider/ChaCha20Cipher$ChaChaEngine
Event: 372.214 Loading class com/sun/crypto/provider/ChaCha20Cipher$ChaChaEngine done
Event: 372.214 Loading class com/sun/crypto/provider/ChaCha20Cipher$EngineAEADEnc done
Event: 372.214 Loading class com/sun/crypto/provider/Poly1305
Event: 372.231 Loading class com/sun/crypto/provider/Poly1305 done
Event: 372.231 Loading class sun/security/util/math/intpoly/IntegerPolynomial1305
Event: 372.247 Loading class sun/security/util/math/intpoly/IntegerPolynomial1305 done
Event: 373.665 Loading class sun/security/ssl/NewSessionTicket$T12NewSessionTicketMessage
Event: 373.670 Loading class sun/security/ssl/NewSessionTicket$T12NewSessionTicketMessage done
Event: 373.674 Loading class sun/security/ssl/SSLCipher$T12CC20P1305ReadCipherGenerator$CC20P1305ReadCipher
Event: 373.679 Loading class sun/security/ssl/SSLCipher$T12CC20P1305ReadCipherGenerator$CC20P1305ReadCipher done
Event: 373.681 Loading class com/sun/crypto/provider/ChaCha20Cipher$EngineAEADDec
Event: 373.687 Loading class com/sun/crypto/provider/ChaCha20Cipher$EngineAEADDec done
Event: 374.791 Loading class com/sun/org/apache/xerces/internal/dom/DeferredCommentImpl
Event: 374.794 Loading class com/sun/org/apache/xerces/internal/dom/CommentImpl
Event: 374.801 Loading class com/sun/org/apache/xerces/internal/dom/CommentImpl done
Event: 374.801 Loading class com/sun/org/apache/xerces/internal/dom/DeferredCommentImpl done
Event: 376.754 Loading class java/util/concurrent/locks/ReentrantReadWriteLock$Sync$HoldCounter
Event: 376.764 Loading class java/util/concurrent/locks/ReentrantReadWriteLock$Sync$HoldCounter done

Classes unloaded (9 events):
Event: 261.506 Thread 0x0000022844f13280 Unloading class 0x0000000801c90400 'java/lang/invoke/LambdaForm$DMH+0x0000000801c90400'
Event: 261.506 Thread 0x0000022844f13280 Unloading class 0x0000000801c18800 'java/lang/invoke/LambdaForm$DMH+0x0000000801c18800'
Event: 261.506 Thread 0x0000022844f13280 Unloading class 0x0000000801c18400 'java/lang/invoke/LambdaForm$DMH+0x0000000801c18400'
Event: 261.506 Thread 0x0000022844f13280 Unloading class 0x0000000801bb0400 'java/lang/invoke/LambdaForm$DMH+0x0000000801bb0400'
Event: 261.506 Thread 0x0000022844f13280 Unloading class 0x0000000801b54000 'java/lang/invoke/LambdaForm$DMH+0x0000000801b54000'
Event: 411.995 Thread 0x0000022844f13280 Unloading class 0x0000000801e18c00 'java/lang/invoke/LambdaForm$DMH+0x0000000801e18c00'
Event: 411.996 Thread 0x0000022844f13280 Unloading class 0x0000000801e18000 'java/lang/invoke/LambdaForm$DMH+0x0000000801e18000'
Event: 411.996 Thread 0x0000022844f13280 Unloading class 0x0000000801e18400 'java/lang/invoke/LambdaForm$DMH+0x0000000801e18400'
Event: 411.996 Thread 0x0000022844f13280 Unloading class 0x0000000801e0a800 'jdk/internal/reflect/GeneratedSerializationConstructorAccessor82'

Classes redefined (0 events):
No events

Internal exceptions (20 events):
Event: 356.430 Thread 0x000002284edb8340 Exception <a 'sun/nio/fs/WindowsException'{0x0000000729075a58}> (0x0000000729075a58) 
thrown [s\src\hotspot\share\prims\jni.cpp, line 535]
Event: 359.154 Thread 0x000002284edb8340 Implicit null exception at 0x0000022836771000 to 0x0000022836771038
Event: 369.121 Thread 0x000002284edb8340 Implicit null exception at 0x0000022836431a6c to 0x0000022836431f8c
Event: 370.793 Thread 0x000002284edb8340 Implicit null exception at 0x00000228365c0980 to 0x00000228365c09b0
Event: 376.976 Thread 0x000002284d0918a0 Implicit null exception at 0x0000022831273698 to 0x0000022831273a80
Event: 376.977 Thread 0x000002284d0918a0 Exception <a 'java/lang/NullPointerException'{0x000000072737df58}> (0x000000072737df58) 
thrown [s\src\hotspot\share\runtime\sharedRuntime.cpp, line 625]
Event: 376.978 Thread 0x000002284d094000 Implicit null exception at 0x0000022831273698 to 0x0000022831273a80
Event: 376.978 Thread 0x000002284d091f30 Implicit null exception at 0x0000022831273698 to 0x0000022831273a80
Event: 376.978 Thread 0x000002284d092c50 Implicit null exception at 0x0000022831273698 to 0x0000022831273a80
Event: 376.978 Thread 0x000002284d091f30 Exception <a 'java/lang/NullPointerException'{0x00000007273e71f0}> (0x00000007273e71f0) 
thrown [s\src\hotspot\share\runtime\sharedRuntime.cpp, line 625]
Event: 376.978 Thread 0x000002284d092c50 Exception <a 'java/lang/NullPointerException'{0x00000007270a6720}> (0x00000007270a6720) 
thrown [s\src\hotspot\share\runtime\sharedRuntime.cpp, line 625]
Event: 376.978 Thread 0x000002284d094000 Exception <a 'java/lang/NullPointerException'{0x0000000727009e58}> (0x0000000727009e58) 
thrown [s\src\hotspot\share\runtime\sharedRuntime.cpp, line 625]
Event: 376.977 Thread 0x000002284d093970 Implicit null exception at 0x0000022831273698 to 0x0000022831273a80
Event: 376.986 Thread 0x000002284d093970 Exception <a 'java/lang/NullPointerException'{0x0000000727071ee8}> (0x0000000727071ee8) 
thrown [s\src\hotspot\share\runtime\sharedRuntime.cpp, line 625]
Event: 376.986 Thread 0x000002284edb8340 Implicit null exception at 0x0000022831273698 to 0x0000022831273a80
Event: 377.021 Thread 0x000002284edb8340 Exception <a 'java/lang/NullPointerException'{0x00000007273dcb58}> (0x00000007273dcb58) 
thrown [s\src\hotspot\share\runtime\sharedRuntime.cpp, line 625]
Event: 378.783 Thread 0x000002284d092c50 Implicit null exception at 0x0000022836c7820e to 0x0000022836c793c4
Event: 378.785 Thread 0x000002284d092c50 Implicit null exception at 0x0000022836c7820e to 0x0000022836c793c4
Event: 378.791 Thread 0x000002284d092c50 Implicit null exception at 0x0000022836c7820e to 0x0000022836c793c4
Event: 380.548 Thread 0x000002284d0918a0 Implicit null exception at 0x0000022836c7820e to 0x0000022836c793c4

ZGC Phase Switch (0 events):
No events

VM Operations (20 events):
Event: 407.113 Executing VM operation: Cleanup done
Event: 407.805 Executing VM operation: G1CollectForAllocation (G1 Evacuation Pause)
Event: 407.983 Executing VM operation: G1CollectForAllocation (G1 Evacuation Pause) done
Event: 408.999 Executing VM operation: Cleanup
Event: 409.014 Executing VM operation: Cleanup done
Event: 410.022 Executing VM operation: Cleanup
Event: 410.028 Executing VM operation: Cleanup done
Event: 411.034 Executing VM operation: Cleanup
Event: 411.036 Executing VM operation: Cleanup done
Event: 411.360 Executing VM operation: G1CollectForAllocation (G1 Evacuation Pause)
Event: 411.455 Executing VM operation: G1CollectForAllocation (G1 Evacuation Pause) done
Event: 411.992 Executing VM operation: G1PauseRemark
Event: 416.337 Executing VM operation: G1PauseRemark done
Event: 420.748 Executing VM operation: HandshakeAllThreads (HandshakeForDeflation)
Event: 420.789 Executing VM operation: HandshakeAllThreads (HandshakeForDeflation) done
Event: 420.789 Executing VM operation: RendezvousGCThreads
Event: 420.850 Executing VM operation: RendezvousGCThreads done
Event: 423.878 Executing VM operation: Cleanup
Event: 423.997 Executing VM operation: Cleanup done
Event: 424.119 Executing VM operation: G1CollectForAllocation (G1 Evacuation Pause)

Memory protections (0 events):
No events

Nmethod flushes (20 events):
Event: 416.008 Thread 0x0000022844f13280 flushing  nmethod 0x0000022830f4c710
Event: 416.008 Thread 0x0000022844f13280 flushing  nmethod 0x0000022830f4fd10
Event: 416.008 Thread 0x0000022844f13280 flushing  nmethod 0x0000022831115990
Event: 416.008 Thread 0x0000022844f13280 flushing  nmethod 0x0000022831115d10
Event: 416.008 Thread 0x0000022844f13280 flushing  nmethod 0x0000022831116090
Event: 416.008 Thread 0x0000022844f13280 flushing  nmethod 0x0000022831116490
Event: 416.008 Thread 0x0000022844f13280 flushing  nmethod 0x0000022831118290
Event: 416.008 Thread 0x0000022844f13280 flushing  nmethod 0x0000022831291990
Event: 416.008 Thread 0x0000022844f13280 flushing osr nmethod 0x00000228312a3810
Event: 416.008 Thread 0x0000022844f13280 flushing  nmethod 0x00000228312a9410
Event: 416.008 Thread 0x0000022844f13280 flushing  nmethod 0x0000022831359890
Event: 416.008 Thread 0x0000022844f13280 flushing  nmethod 0x000002283135b910
Event: 416.008 Thread 0x0000022844f13280 flushing  nmethod 0x000002283135bc10
Event: 416.008 Thread 0x0000022844f13280 flushing  nmethod 0x000002283135c710
Event: 416.008 Thread 0x0000022844f13280 flushing  nmethod 0x000002283136a990
Event: 416.008 Thread 0x0000022844f13280 flushing osr nmethod 0x000002283136ad90
Event: 416.008 Thread 0x0000022844f13280 flushing  nmethod 0x000002283136ce10
Event: 416.008 Thread 0x0000022844f13280 flushing  nmethod 0x000002283136fd10
Event: 416.008 Thread 0x0000022844f13280 flushing  nmethod 0x00000228313b0190
Event: 416.008 Thread 0x0000022844f13280 flushing  nmethod 0x0000022831450f10

Events (20 events):
Event: 295.750 Thread 0x000002286137f8d0 Thread added: 0x0000022861ed6b20
Event: 295.750 Thread 0x000002286137f8d0 Thread added: 0x0000022861ed7ed0
Event: 296.116 Thread 0x000002286362c2a0 Thread exited: 0x000002286362c2a0
Event: 296.119 Thread 0x0000022862131cf0 Thread exited: 0x0000022862131cf0
Event: 300.430 Thread 0x000002285fd52340 Thread exited: 0x000002285fd52340
Event: 300.430 Thread 0x000002286137f240 Thread exited: 0x000002286137f240
Event: 300.430 Thread 0x000002286301b960 Thread exited: 0x000002286301b960
Event: 300.430 Thread 0x0000022861b250b0 Thread exited: 0x0000022861b250b0
Event: 300.431 Thread 0x0000022861ed50e0 Thread exited: 0x0000022861ed50e0
Event: 300.432 Thread 0x000002286362cfc0 Thread exited: 0x000002286362cfc0
Event: 300.433 Thread 0x00000228628e5d80 Thread exited: 0x00000228628e5d80
Event: 300.433 Thread 0x000002286362a860 Thread exited: 0x000002286362a860
Event: 302.313 Thread 0x00000228450f3f60 Thread added: 0x0000022854798ba0
Event: 308.433 Thread 0x0000022854798ba0 Thread exited: 0x0000022854798ba0
Event: 327.212 Thread 0x000002284b1d57b0 Thread added: 0x0000022862131cf0
Event: 343.587 Thread 0x000002284dea1eb0 Thread added: 0x0000022861b1a610
Event: 346.351 Thread 0x0000022861ed6490 Thread exited: 0x0000022861ed6490
Event: 402.174 Thread 0x0000022861ed6b20 Thread exited: 0x0000022861ed6b20
Event: 402.175 Thread 0x0000022861ed7ed0 Thread exited: 0x0000022861ed7ed0
Event: 402.175 Thread 0x000002286137f8d0 Thread exited: 0x000002286137f8d0


Dynamic libraries:
0x00007ff65b800000 - 0x00007ff65b80a000 	C:\Program Files\Android\Android Studio\jbr\bin\java.exe
0x00007fff07390000 - 0x00007fff07588000 	C:\WINDOWS\SYSTEM32\ntdll.dll
0x00007fff05fe0000 - 0x00007fff060a2000 	C:\WINDOWS\System32\KERNEL32.DLL
0x00007fff04b90000 - 0x00007fff04e86000 	C:\WINDOWS\System32\KERNELBASE.dll
0x00007fff052c0000 - 0x00007fff053c0000 	C:\WINDOWS\System32\ucrtbase.dll
0x00007ffefa340000 - 0x00007ffefa358000 	C:\Program Files\Android\Android Studio\jbr\bin\jli.dll
0x00007fff053c0000 - 0x00007fff0555d000 	C:\WINDOWS\System32\USER32.dll
0x00007ffefc260000 - 0x00007ffefc27b000 	C:\Program Files\Android\Android Studio\jbr\bin\VCRUNTIME140.dll
0x00007fff04e90000 - 0x00007fff04eb2000 	C:\WINDOWS\System32\win32u.dll
0x00007ffeec2d0000 - 0x00007ffeec56a000 	C:\WINDOWS\WinSxS\amd64_microsoft.windows.common-controls_6595b64144ccf1df_6.0.19041.5794_none_60bcd33171f2783c\COMCTL32.dll
0x00007fff06190000 - 0x00007fff061bb000 	C:\WINDOWS\System32\GDI32.dll
0x00007fff04ff0000 - 0x00007fff0510a000 	C:\WINDOWS\System32\gdi32full.dll
0x00007fff063e0000 - 0x00007fff0647e000 	C:\WINDOWS\System32\msvcrt.dll
0x00007fff04f50000 - 0x00007fff04fed000 	C:\WINDOWS\System32\msvcp_win.dll
0x00007fff058e0000 - 0x00007fff0590f000 	C:\WINDOWS\System32\IMM32.DLL
0x00007ffefc4b0000 - 0x00007ffefc4bc000 	C:\Program Files\Android\Android Studio\jbr\bin\vcruntime140_1.dll
0x00007ffed2fd0000 - 0x00007ffed305d000 	C:\Program Files\Android\Android Studio\jbr\bin\msvcp140.dll
0x00007ffebb730000 - 0x00007ffebc3bb000 	C:\Program Files\Android\Android Studio\jbr\bin\server\jvm.dll
0x00007fff06510000 - 0x00007fff065bf000 	C:\WINDOWS\System32\ADVAPI32.dll
0x00007fff05840000 - 0x00007fff058df000 	C:\WINDOWS\System32\sechost.dll
0x00007fff05560000 - 0x00007fff05683000 	C:\WINDOWS\System32\RPCRT4.dll
0x00007fff04b60000 - 0x00007fff04b87000 	C:\WINDOWS\System32\bcrypt.dll
0x00007fff06480000 - 0x00007fff064eb000 	C:\WINDOWS\System32\WS2_32.dll
0x00007ffeee220000 - 0x00007ffeee247000 	C:\WINDOWS\SYSTEM32\WINMM.dll
0x00007fff03f70000 - 0x00007fff03fbb000 	C:\WINDOWS\SYSTEM32\POWRPROF.dll
0x00007ffef9a90000 - 0x00007ffef9a9a000 	C:\WINDOWS\SYSTEM32\VERSION.dll
0x00007fff03e30000 - 0x00007fff03e42000 	C:\WINDOWS\SYSTEM32\UMPDC.dll
0x00007fff03250000 - 0x00007fff03262000 	C:\WINDOWS\SYSTEM32\kernel.appcore.dll
0x00007ffefa4c0000 - 0x00007ffefa4ca000 	C:\Program Files\Android\Android Studio\jbr\bin\jimage.dll
0x00007ffeff5f0000 - 0x00007ffeff7f1000 	C:\WINDOWS\SYSTEM32\DBGHELP.DLL
0x00007ffee8a40000 - 0x00007ffee8a74000 	C:\WINDOWS\SYSTEM32\dbgcore.DLL
0x00007fff04ec0000 - 0x00007fff04f42000 	C:\WINDOWS\System32\bcryptPrimitives.dll
0x00007ffefdca0000 - 0x00007ffefdcae000 	C:\Program Files\Android\Android Studio\jbr\bin\instrument.dll
0x00007ffef8850000 - 0x00007ffef8870000 	C:\Program Files\Android\Android Studio\jbr\bin\java.dll
0x00007ffee1100000 - 0x00007ffee1118000 	C:\Program Files\Android\Android Studio\jbr\bin\zip.dll
0x00007fff069d0000 - 0x00007fff0713e000 	C:\WINDOWS\System32\SHELL32.dll
0x00007fff02a90000 - 0x00007fff03233000 	C:\WINDOWS\SYSTEM32\windows.storage.dll
0x00007fff065c0000 - 0x00007fff06913000 	C:\WINDOWS\System32\combase.dll
0x00007fff04460000 - 0x00007fff0448b000 	C:\WINDOWS\SYSTEM32\Wldp.dll
0x00007fff06310000 - 0x00007fff063dd000 	C:\WINDOWS\System32\OLEAUT32.dll
0x00007fff06920000 - 0x00007fff069cd000 	C:\WINDOWS\System32\SHCORE.dll
0x00007fff07230000 - 0x00007fff07285000 	C:\WINDOWS\System32\shlwapi.dll
0x00007fff04960000 - 0x00007fff04985000 	C:\WINDOWS\SYSTEM32\profapi.dll
0x00007ffefa3c0000 - 0x00007ffefa3d0000 	C:\Program Files\Android\Android Studio\jbr\bin\net.dll
0x00007ffef91d0000 - 0x00007ffef92da000 	C:\WINDOWS\SYSTEM32\WINHTTP.dll
0x00007fff041c0000 - 0x00007fff0422c000 	C:\WINDOWS\system32\mswsock.dll
0x00007ffee0540000 - 0x00007ffee0556000 	C:\Program Files\Android\Android Studio\jbr\bin\nio.dll
0x00007ffef9840000 - 0x00007ffef9850000 	C:\Program Files\Android\Android Studio\jbr\bin\verify.dll
0x00007ffef8570000 - 0x00007ffef8597000 	C:\Users\User\.gradle\native\c067742578af261105cb4f569cf0c3c89f3d7b1fecec35dd04571415982c5e48\windows-amd64\native-platform.dll
0x00007ffebc870000 - 0x00007ffebc9b4000 	C:\Users\User\.gradle\native\100fb08df4bc3b14c8652ba06237920a3bd2aa13389f12d3474272988ae205f9\windows-amd64\native-platform-file-events.dll
0x00007ffedfc90000 - 0x00007ffedfc99000 	C:\Program Files\Android\Android Studio\jbr\bin\management.dll
0x00007ffedfb60000 - 0x00007ffedfb6b000 	C:\Program Files\Android\Android Studio\jbr\bin\management_ext.dll
0x00007fff06300000 - 0x00007fff06308000 	C:\WINDOWS\System32\PSAPI.DLL
0x00007fff043c0000 - 0x00007fff043d8000 	C:\WINDOWS\SYSTEM32\CRYPTSP.dll
0x00007fff03a70000 - 0x00007fff03aa8000 	C:\WINDOWS\system32\rsaenh.dll
0x00007fff048e0000 - 0x00007fff0490e000 	C:\WINDOWS\SYSTEM32\USERENV.dll
0x00007fff043b0000 - 0x00007fff043bc000 	C:\WINDOWS\SYSTEM32\CRYPTBASE.dll
0x00007fff03e50000 - 0x00007fff03e8b000 	C:\WINDOWS\SYSTEM32\IPHLPAPI.DLL
0x00007fff05910000 - 0x00007fff05918000 	C:\WINDOWS\System32\NSI.dll
0x00007ffedf8c0000 - 0x00007ffedf8c9000 	C:\Program Files\Android\Android Studio\jbr\bin\extnet.dll
0x00007ffef8990000 - 0x00007ffef8997000 	C:\WINDOWS\system32\wshunix.dll
0x00007ffee6910000 - 0x00007ffee6927000 	C:\WINDOWS\system32\napinsp.dll
0x00007ffee68f0000 - 0x00007ffee690b000 	C:\WINDOWS\system32\pnrpnsp.dll
0x00007ffefe150000 - 0x00007ffefe16d000 	C:\WINDOWS\system32\wshbth.dll
0x00007ffefc3f0000 - 0x00007ffefc40d000 	C:\WINDOWS\system32\NLAapi.dll
0x00007fff03e90000 - 0x00007fff03f5a000 	C:\WINDOWS\SYSTEM32\DNSAPI.dll
0x00007ffee6540000 - 0x00007ffee6552000 	C:\WINDOWS\System32\winrnr.dll
0x0000000063560000 - 0x0000000063569000 	C:\Program Files\National Instruments\Shared\mDNS Responder\nimdnsNSP.dll
0x0000000070460000 - 0x0000000070503000 	C:\WINDOWS\WinSxS\amd64_microsoft.vc90.crt_1fc8b3b9a1e18e3b_9.0.30729.9625_none_08e1c10da83fbc83\MSVCR90.dll
0x0000000063550000 - 0x000000006355e000 	C:\WINDOWS\SYSTEM32\nimdnsResponder.dll
0x00007ffefb830000 - 0x00007ffefb83a000 	C:\Windows\System32\rasadhlp.dll
0x00007ffeeed80000 - 0x00007ffeeee00000 	C:\WINDOWS\System32\fwpuclnt.dll

dbghelp: loaded successfully - version: 4.0.5 - missing functions: none
symbol engine: initialized successfully - sym options: 0x614 - pdb path: .;C:\Program Files\Android\Android Studio\jbr\bin;C:\WINDOWS\SYSTEM32;C:\WINDOWS\WinSxS\amd64_microsoft.windows.common-controls_6595b64144ccf1df_6.0.19041.5794_none_60bcd33171f2783c;C:\Program Files\Android\Android Studio\jbr\bin\server;C:\Users\User\.gradle\native\c067742578af261105cb4f569cf0c3c89f3d7b1fecec35dd04571415982c5e48\windows-amd64;C:\Users\User\.gradle\native\100fb08df4bc3b14c8652ba06237920a3bd2aa13389f12d3474272988ae205f9\windows-amd64;C:\Program Files\National Instruments\Shared\mDNS Responder;C:\WINDOWS\WinSxS\amd64_microsoft.vc90.crt_1fc8b3b9a1e18e3b_9.0.30729.9625_none_08e1c10da83fbc83

VM Arguments:
jvm_args: -XX:+HeapDumpOnOutOfMemoryError --add-opens=java.base/java.util=ALL-UNNAMED --add-opens=java.base/java.lang=ALL-UNNAMED --add-opens=java.base/java.lang.invoke=ALL-UNNAMED --add-opens=java.prefs/java.util.prefs=ALL-UNNAMED --add-exports=jdk.compiler/com.sun.tools.javac.api=ALL-UNNAMED --add-exports=jdk.compiler/com.sun.tools.javac.util=ALL-UNNAMED --add-opens=java.base/java.nio.charset=ALL-UNNAMED --add-opens=java.base/java.net=ALL-UNNAMED --add-opens=java.base/java.util.concurrent.atomic=ALL-UNNAMED -Xmx4096m -Dfile.encoding=UTF-8 -Duser.country=MY -Duser.language=en -Duser.variant -javaagent:C:\Users\User\.gradle\wrapper\dists\gradle-8.10.2-all\7iv73wktx1xtkvlq19urqw1wm\gradle-8.10.2\lib\agents\gradle-instrumentation-agent-8.10.2.jar 
java_command: org.gradle.launcher.daemon.bootstrap.GradleDaemon 8.10.2
java_class_path (initial): C:\Users\User\.gradle\wrapper\dists\gradle-8.10.2-all\7iv73wktx1xtkvlq19urqw1wm\gradle-8.10.2\lib\gradle-daemon-main-8.10.2.jar
Launcher Type: SUN_STANDARD

[Global flags]
     intx CICompilerCount                          = 4                                         {product} {ergonomic}
     uint ConcGCThreads                            = 2                                         {product} {ergonomic}
     uint G1ConcRefinementThreads                  = 8                                         {product} {ergonomic}
   size_t G1HeapRegionSize                         = 2097152                                   {product} {ergonomic}
    uintx GCDrainStackTargetSize                   = 64                                        {product} {ergonomic}
     bool HeapDumpOnOutOfMemoryError               = true                                   {manageable} {command line}
   size_t InitialHeapSize                          = 65011712                                  {product} {ergonomic}
   size_t MarkStackSize                            = 4194304                                   {product} {ergonomic}
   size_t MaxHeapSize                              = 4294967296                                {product} {command line}
   size_t MaxNewSize                               = 2575302656                                {product} {ergonomic}
   size_t MinHeapDeltaBytes                        = 2097152                                   {product} {ergonomic}
   size_t MinHeapSize                              = 8388608                                   {product} {ergonomic}
    uintx NonNMethodCodeHeapSize                   = 5839372                                {pd product} {ergonomic}
    uintx NonProfiledCodeHeapSize                  = 122909434                              {pd product} {ergonomic}
    uintx ProfiledCodeHeapSize                     = 122909434                              {pd product} {ergonomic}
    uintx ReservedCodeCacheSize                    = 251658240                              {pd product} {ergonomic}
     bool SegmentedCodeCache                       = true                                      {product} {ergonomic}
   size_t SoftMaxHeapSize                          = 4294967296                             {manageable} {ergonomic}
     bool UseCompressedOops                        = true                           {product lp64_product} {ergonomic}
     bool UseG1GC                                  = true                                      {product} {ergonomic}
     bool UseLargePagesIndividualAllocation        = false                                  {pd product} {ergonomic}

Logging:
Log output configuration:
 #0: stdout all=warning uptime,level,tags foldmultilines=false
 #1: stderr all=off uptime,level,tags foldmultilines=false

Environment Variables:
JAVA_HOME=C:\Program Files\Android\Android Studio\jbr
CLASSPATH=C:\Users\User\smartmushroom\android\\gradle\wrapper\gradle-wrapper.jar
PATH=C:\Program Files\Android\Android Studio\jbr\bin;C:\Program Files\Common Files\Oracle\Java\javapath;C:\Program Files (x86)\Common Files\Oracle\Java\java8path;C:\Program Files (x86)\Common Files\Oracle\Java\javapath;C:\Windows\system32;C:\Windows;C:\Windows\System32\Wbem;C:\Windows\System32\WindowsPowerShell\v1.0\;C:\Windows\System32\OpenSSH\;C:\Program Files (x86)\NVIDIA Corporation\PhysX\Common;C:\Program Files\NVIDIA Corporation\NVIDIA NvDLISR;C:\Program Files\IBM\SPSS\Statistics\25\JRE\bin;C:\Program Files\MATLAB\MATLAB Runtime\v901\runtime\win64;C:\Program Files (x86)\MATLAB\MATLAB Compiler Runtime\v714\runtime\win32;C:\WINDOWS\system32;C:\WINDOWS;C:\WINDOWS\System32\Wbem;C:\WINDOWS\System32\WindowsPowerShell\v1.0\;C:\WINDOWS\System32\OpenSSH\;C:\Program Files\PuTTY\;c:\altera\91sp2\quartus\bin;C:\Program Files\Java\jdk-16.0.2\bin;C:\Program Files\nodejs\;C:\Users\Public\Tool\Git\cmd;C:\Users\User\AppData\Local\Microsoft\WindowsApps;C:\Users\User\AppData\Local\Programs\Microsoft VS Code\bin;C:\Users\Public\intelFPGA\20.1\modelsim_ase\win32aloem;C:\Program Files (x86)\Nmap;D:\Download\flutter_windows_3.29.3-stable\flutter\bin;C:\Users\User\AppData\Roaming\npm;C:\Users\Public\Tool\Git\cmd;D:\Download\flutter_windows_3.29.3-stable\flutter\bin\dart.bat;C:\Users\User\AppData\Local\Pub\Cache\bin;;D:\Download\flutter_windows_3.29.3-stable\flutter\bin\mingit\cmd;D:\Download\flutter_windows_3.29.3-stable\flutter\bin\mingit\cmd
USERNAME=User
OS=Windows_NT
PROCESSOR_IDENTIFIER=Intel64 Family 6 Model 142 Stepping 12, GenuineIntel
TMP=C:\Users\User\AppData\Local\Temp
TEMP=C:\Users\User\AppData\Local\Temp




Periodic native trim disabled

JNI global refs:
JNI global refs: 28, weak refs: 0

JNI global refs memory usage: 835, weak refs: 833

Process memory usage:
Resident Set Size: 197296K (4% of 4012020K total physical memory with 99928K free physical memory)

OOME stack traces (most recent first):
Classloader memory used:
Loader org.gradle.internal.classloader.VisitableURLClassLoader                         : 103M
Loader org.gradle.internal.classloader.VisitableURLClassLoader$InstrumentingVisitableURLClassLoader: 69133K
Loader bootstrap                                                                       : 39543K
Loader org.gradle.initialization.MixInLegacyTypesClassLoader                           : 14906K
Loader jdk.internal.loader.ClassLoaders$PlatformClassLoader                            : 804K
Loader jdk.internal.jrtfs.JrtFileSystemProvider$JrtFsLoader                            : 332K
Loader jdk.internal.reflect.DelegatingClassLoader                                      : 292K
Loader org.gradle.groovy.scripts.internal.DefaultScriptCompilationHandler$ScriptClassLoader: 288K
Loader org.codehaus.groovy.runtime.callsite.CallSiteClassLoader                        : 263K
Loader jdk.internal.loader.ClassLoaders$AppClassLoader                                 : 234K
Loader org.gradle.internal.classloader.VisitableURLClassLoader                         : 217K
Loader sun.reflect.misc.MethodUtil                                                     : 2952B

Classes loaded by more than one classloader:
Class Program                                                                         : loaded 11 times (x 68B)
Class Build_gradle$1                                                                  : loaded 4 times (x 71B)
Class Build_gradle                                                                    : loaded 4 times (x 126B)
Class Build_gradle$2                                                                  : loaded 3 times (x 70B)
Class Settings_gradle                                                                 : loaded 3 times (x 124B)
Class org.jetbrains.kotlin.cli.common.CompilerSystemProperties$Companion              : loaded 3 times (x 67B)
Class [Lorg.jetbrains.kotlin.cli.common.CompilerSystemProperties;                     : loaded 3 times (x 65B)
Class org.jetbrains.kotlin.util.capitalizeDecapitalize.CapitalizeDecapitalizeKt       : loaded 3 times (x 67B)
Class org.jetbrains.kotlin.cli.common.CompilerSystemProperties$value$1                : loaded 3 times (x 121B)
Class org.jetbrains.kotlin.cli.common.CompilerSystemProperties                        : loaded 3 times (x 76B)
Class org.jetbrains.kotlin.gradle.plugin.mpp.AbstractKotlinTargetKt                   : loaded 2 times (x 67B)
Class com.google.common.collect.SortedSetMultimap                                     : loaded 2 times (x 66B)
Class org.jetbrains.kotlin.gradle.targets.js.npm.NpmDependencyExtensionKt$defaultNpmDependencyDelegate$1: loaded 2 times (x 163B)
Class org.jetbrains.kotlin.gradle.plugin.KotlinPlatformType$DisambiguationRule        : loaded 2 times (x 72B)
Class org.jetbrains.kotlin.gradle.plugin.KotlinPlatformType$Companion                 : loaded 2 times (x 67B)
Class [Lcom.google.common.base.AbstractIterator$State;                                : loaded 2 times (x 65B)
Class com.google.common.base.CharMatcher$IsEither                                     : loaded 2 times (x 107B)
Class org.gradle.internal.classloader.ClassLoaderHierarchy                            : loaded 2 times (x 66B)
Class org.jetbrains.kotlin.gradle.report.UsesBuildMetricsService                      : loaded 2 times (x 66B)
Class org.jetbrains.kotlin.gradle.plugin.mpp.compilationImpl.factory.KotlinCompilationImplFactory$KotlinCompilationSourceSetsContainerFactory: loaded 2 times (x 66B)
Class com.google.common.collect.AbstractMapBasedMultimap$WrappedCollection            : loaded 2 times (x 120B)
Class org.jetbrains.kotlin.gradle.utils.MutableObservableSet                          : loaded 2 times (x 66B)
Class org.jetbrains.kotlin.gradle.report.BuildReportType                              : loaded 2 times (x 75B)
Class org.jetbrains.kotlin.statistics.metrics.StringAnonymizationPolicy$AllowedListAnonymizer: loaded 2 times (x 75B)
Class com.google.common.collect.ImmutableEnumSet                                      : loaded 2 times (x 142B)
Class com.google.common.util.concurrent.ExecutionError                                : loaded 2 times (x 78B)
Class com.google.common.collect.ImmutableList$1                                       : loaded 2 times (x 93B)
Class org.gradle.api.internal.classpath.ManifestUtil                                  : loaded 2 times (x 67B)
Class com.google.common.io.ByteArrayDataOutput                                        : loaded 2 times (x 66B)
Class org.jetbrains.kotlin.gradle.tasks.KotlinCompile$androidLayoutResources$1        : loaded 2 times (x 74B)
Class org.jetbrains.kotlin.gradle.plugin.sources.KotlinDependencyScope                : loaded 2 times (x 75B)
Class org.jetbrains.kotlin.gradle.tasks.configuration.AbstractKotlinCompileConfig$1   : loaded 2 times (x 75B)
Class org.jetbrains.kotlin.gradle.plugin.mpp.compilationImpl.KotlinCompilationFriendPathsResolver: loaded 2 times (x 66B)
Class org.jetbrains.kotlin.gradle.plugin.mpp.KotlinUsages$KotlinMetadataDisambiguation: loaded 2 times (x 72B)
Class org.jetbrains.kotlin.gradle.plugin.internal.DefaultMppTestReportHelperVariantFactory: loaded 2 times (x 70B)
Class com.google.gson.stream.MalformedJsonException                                   : loaded 2 times (x 78B)
Class com.google.common.collect.RegularImmutableMap                                   : loaded 2 times (x 117B)
Class com.google.common.collect.ImmutableMap$MapViewOfValuesAsSingletonSets           : loaded 2 times (x 121B)
Class jdk.internal.jimage.decompressor.StringSharingDecompressorFactory               : loaded 2 times (x 70B)
Class com.google.common.reflect.TypeCapture                                           : loaded 2 times (x 67B)
Class org.jetbrains.kotlin.gradle.tasks.AbstractKotlinCompile$compilerRunner$1        : loaded 2 times (x 75B)
Class org.jetbrains.kotlin.gradle.tasks.CacheableTasksKt$cacheOnlyIfEnabledForKotlin$1: loaded 2 times (x 75B)
Class org.jetbrains.kotlin.gradle.tasks.configuration.AbstractKotlinCompileConfig$2   : loaded 2 times (x 75B)
Class org.jetbrains.kotlin.gradle.targets.js.dsl.KotlinJsTargetDsl                    : loaded 2 times (x 66B)
Class org.jetbrains.kotlin.gradle.plugin.mpp.compilationImpl.factory.KotlinCompilationImplFactory$PreConfigure: loaded 2 times (x 66B)
Class org.jetbrains.kotlin.gradle.plugin.KotlinTargetComponent                        : loaded 2 times (x 66B)
Class org.jetbrains.kotlin.gradle.plugin.VariantImplementationFactories$Companion$getProvider$1: loaded 2 times (x 74B)
Class org.jetbrains.kotlin.statistics.metrics.StringOverridePolicy$OVERRIDE_VERSION_IF_NOT_SET: loaded 2 times (x 81B)
Class org.jetbrains.kotlin.gradle.dsl.KotlinProjectExtension                          : loaded 2 times (x 87B)
Class [Lorg.objectweb.asm.Symbol;                                                     : loaded 2 times (x 65B)
Class org.objectweb.asm.ClassVisitor                                                  : loaded 2 times (x 84B)
Class com.google.common.collect.UnmodifiableListIterator                              : loaded 2 times (x 91B)
Class [Lorg.jetbrains.kotlin.statistics.ValueAnonymizer;                              : loaded 2 times (x 65B)
Class org.jetbrains.kotlin.gradle.tasks.DefaultKotlinJavaToolchain                    : loaded 2 times (x 73B)
Class org.jetbrains.kotlin.gradle.plugin.sources.DefaultKotlinSourceSet$MetadataDependencyTransformation: loaded 2 times (x 68B)
Class org.jetbrains.kotlin.gradle.plugin.KotlinGradleBuildServices                    : loaded 2 times (x 76B)
Class org.jetbrains.kotlin.gradle.plugin.internal.DefaultKotlinTestReportCompatibilityHelperVariantFactory: loaded 2 times (x 70B)
Class org.objectweb.asm.MethodTooLargeException                                       : loaded 2 times (x 79B)
Class [Lcom.google.common.cache.CacheBuilder$OneWeigher;                              : loaded 2 times (x 65B)
Class com.google.common.base.Suppliers                                                : loaded 2 times (x 67B)
Class com.google.common.base.Platform$JdkPatternCompiler                              : loaded 2 times (x 71B)
Class org.gradle.internal.classloader.DefaultClassLoaderFactory                       : loaded 2 times (x 78B)
Class native_plugin_loader_2ywaoto570ytsxjqm8abweccs$_run_closure1                    : loaded 2 times (x 135B)
Class org.apache.commons.io.file.PathUtils                                            : loaded 2 times (x 67B)
Class [Lorg.jetbrains.kotlin.gradle.dsl.KotlinVersion;                                : loaded 2 times (x 65B)
Class org.jetbrains.kotlin.compilerRunner.CompilerSystemPropertiesService$Parameters_Decorated: loaded 2 times (x 130B)
Class org.jetbrains.kotlin.gradle.plugin.KotlinTargetWithTests                        : loaded 2 times (x 66B)
Class com.google.common.collect.ReverseNaturalOrdering                                : loaded 2 times (x 110B)
Class org.jetbrains.kotlin.gradle.targets.js.npm.NpmDependencyExtensionKt             : loaded 2 times (x 67B)
Class org.jetbrains.kotlin.gradle.report.BuildMetricsService                          : loaded 2 times (x 78B)
Class org.jetbrains.kotlin.statistics.metrics.StringAnonymizationPolicy               : loaded 2 times (x 74B)
Class com.google.common.base.CharMatcher$None                                         : loaded 2 times (x 108B)
Class org.gradle.internal.classloader.ClassLoaderVisitor                              : loaded 2 times (x 72B)
Class org.jetbrains.kotlin.build.report.metrics.BuildPerformanceMetrics               : loaded 2 times (x 68B)
Class org.jetbrains.kotlin.tooling.core.TypeUtils                                     : loaded 2 times (x 67B)
Class com.google.common.collect.Ordering                                              : loaded 2 times (x 110B)
Class [Lorg.jetbrains.kotlin.gradle.plugin.KotlinCompilation;                         : loaded 2 times (x 65B)
Class org.jetbrains.kotlin.gradle.dsl.KotlinTargetContainerWithJsPresetFunctions      : loaded 2 times (x 66B)
Class org.jetbrains.kotlin.gradle.plugin.mpp.KotlinTargetComponentWithPublication     : loaded 2 times (x 66B)
Class org.jetbrains.kotlin.gradle.report.ReportingSettings$Companion                  : loaded 2 times (x 67B)
Class org.jetbrains.kotlin.gradle.report.ConfigureReporingKt                          : loaded 2 times (x 67B)
Class org.jetbrains.kotlin.gradle.plugin.statistics.KotlinBuildStatsService$Companion : loaded 2 times (x 67B)
Class [Lcom.google.common.collect.ImmutableMapEntry;                                  : loaded 2 times (x 65B)
Class org.gradle.api.internal.classpath.EffectiveClassPath                            : loaded 2 times (x 86B)
Class [Lorg.apache.commons.io.StandardLineSeparator;                                  : loaded 2 times (x 65B)
Class org.apache.commons.io.output.StringBuilderWriter                                : loaded 2 times (x 96B)
Class org.jetbrains.kotlin.gradle.plugin.mpp.compilationImpl.DefaultKotlinCompilationConfigurationsContainer: loaded 2 times (x 80B)
Class com.google.common.collect.ImmutableRangeSet                                     : loaded 2 times (x 111B)
Class org.jetbrains.kotlin.gradle.tasks.TasksProviderKt                               : loaded 2 times (x 67B)
Class [Lorg.jetbrains.kotlin.config.LanguageOrApiVersion;                             : loaded 2 times (x 65B)
Class org.jetbrains.kotlin.gradle.plugin.sources.DefaultKotlinSourceSetFactory        : loaded 2 times (x 76B)
Class org.jetbrains.kotlin.gradle.utils.CompatibilityKt                               : loaded 2 times (x 67B)
Class com.google.common.collect.ImmutableEnumMap                                      : loaded 2 times (x 121B)
Class com.google.common.collect.ListMultimap                                          : loaded 2 times (x 66B)
Class org.jetbrains.kotlin.statistics.metrics.BooleanAnonymizationPolicy              : loaded 2 times (x 81B)
Class org.jetbrains.kotlin.statistics.metrics.BooleanOverridePolicy$OVERRIDE          : loaded 2 times (x 81B)
Class org.jetbrains.kotlin.incremental.ClasspathChanges                               : loaded 2 times (x 67B)
Class com.google.common.collect.ComparatorOrdering                                    : loaded 2 times (x 111B)
Class com.google.common.collect.Iterators$EmptyModifiableIterator                     : loaded 2 times (x 82B)
Class org.jetbrains.kotlin.gradle.plugin.internal.MavenPluginConfigurator$MavenPluginConfiguratorVariantFactory: loaded 2 times (x 66B)
Class com.google.common.collect.Sets$1                                                : loaded 2 times (x 135B)
Class org.objectweb.asm.AnnotationVisitor                                             : loaded 2 times (x 74B)
Class com.google.common.base.Splitter                                                 : loaded 2 times (x 68B)
Class org.gradle.api.internal.DefaultClassPathProvider                                : loaded 2 times (x 72B)
Class com.google.common.collect.Maps$ViewCachingAbstractMap                           : loaded 2 times (x 121B)
Class com.google.common.collect.NaturalOrdering                                       : loaded 2 times (x 111B)
Class org.jetbrains.kotlin.gradle.plugin.internal.DefaultConfigurationTimePropertiesAccessor: loaded 2 times (x 70B)
Class org.jetbrains.kotlin.gradle.plugin.VariantImplementationFactories$Companion$getProvider$2$1: loaded 2 times (x 75B)
Class org.jetbrains.kotlin.statistics.metrics.NumericalMetrics                        : loaded 2 times (x 76B)
Class org.jetbrains.kotlin.gradle.plugin.statistics.KotlinBuildStatsService$Companion$getOrCreateInstance$1: loaded 2 times (x 75B)
Class com.google.common.collect.Sets$2                                                : loaded 2 times (x 135B)
Class [Lorg.gradle.api.internal.ClassPathProvider;                                    : loaded 2 times (x 65B)
Class org.gradle.api.internal.ClassPathProvider                                       : loaded 2 times (x 66B)
Class jdk.internal.jrtfs.SystemImage                                                  : loaded 2 times (x 70B)
Class com.google.common.reflect.Types$ClassOwnership$1                                : loaded 2 times (x 76B)
Class org.jetbrains.kotlin.gradle.tasks.CacheableTasksKt                              : loaded 2 times (x 67B)
Class com.google.common.io.FileWriteMode                                              : loaded 2 times (x 75B)
Class org.jetbrains.kotlin.gradle.targets.js.npm.PeerNpmDependencyExtension           : loaded 2 times (x 66B)
Class org.jetbrains.kotlin.gradle.plugin.mpp.KotlinMultiplatformPluginKt              : loaded 2 times (x 67B)
Class org.jetbrains.kotlin.config.LanguageVersion$Companion                           : loaded 2 times (x 67B)
Class [Lorg.objectweb.asm.AnnotationVisitor;                                          : loaded 2 times (x 65B)
Class com.google.common.collect.Sets$3                                                : loaded 2 times (x 135B)
Class com.google.common.util.concurrent.AbstractFuture$SafeAtomicHelper               : loaded 2 times (x 75B)
Class com.google.common.cache.LocalCache$LocalLoadingCache                            : loaded 2 times (x 130B)
Class com.google.common.base.AbstractIterator$State                                   : loaded 2 times (x 75B)
Class org.gradle.internal.service.UnknownServiceException                             : loaded 2 times (x 79B)
Class com.google.common.reflect.Types$ClassOwnership$2                                : loaded 2 times (x 76B)
Class com.google.common.reflect.TypeResolver                                          : loaded 2 times (x 68B)
Class com.google.common.io.ByteArrayDataInput                                         : loaded 2 times (x 66B)
Class org.jetbrains.kotlin.gradle.tasks.configuration.BaseKotlinCompileConfig$2$1$1$1 : loaded 2 times (x 74B)
Class org.jetbrains.kotlin.gradle.tasks.KotlinCompile$ScriptFilterSpec                : loaded 2 times (x 71B)
Class org.jetbrains.kotlin.gradle.targets.js.npm.DefaultPeerNpmDependencyExtension    : loaded 2 times (x 137B)
Class org.jetbrains.kotlin.gradle.utils.SingleAction$run$performedActions$1           : loaded 2 times (x 74B)
Class org.jetbrains.kotlin.gradle.plugin.mpp.AbstractKotlinTarget                     : loaded 2 times (x 134B)
Class org.jetbrains.kotlin.gradle.dsl.KotlinSingleTargetExtension                     : loaded 2 times (x 88B)
Class com.google.common.collect.Sets$4                                                : loaded 2 times (x 135B)
Class org.objectweb.asm.ModuleVisitor                                                 : loaded 2 times (x 77B)
Class com.google.common.cache.LocalCache$Strength$1                                   : loaded 2 times (x 77B)
Class native_plugin_loader_2ywaoto570ytsxjqm8abweccs                                  : loaded 2 times (x 173B)
Class org.apache.commons.io.output.QueueOutputStream                                  : loaded 2 times (x 83B)
Class com.google.common.reflect.Types$ClassOwnership$3                                : loaded 2 times (x 67B)
Class org.jetbrains.kotlin.gradle.tasks.configuration.BaseKotlinCompileConfig$2$1$1$2 : loaded 2 times (x 74B)
Class org.jetbrains.kotlin.gradle.plugin.mpp.KotlinCompilationsKt$addSourcesToKotlinCompileTask$configureAction$2: loaded 2 times (x 71B)
Class org.jetbrains.kotlin.gradle.plugin.mpp.compilationImpl.KotlinCompilationTaskNamesContainer: loaded 2 times (x 68B)
Class org.jetbrains.kotlin.gradle.plugin.mpp.compilationImpl.factory.KotlinCompilationImplFactory$KotlinCompilerOptionsFactory: loaded 2 times (x 66B)
Class org.jetbrains.kotlin.gradle.targets.js.npm.NpmDependencyExtension               : loaded 2 times (x 66B)
Class org.jetbrains.kotlin.gradle.plugin.LanguageSettingsBuilder                      : loaded 2 times (x 66B)
Class [Lorg.jetbrains.kotlin.statistics.metrics.StringMetrics;                        : loaded 2 times (x 65B)
Class org.jetbrains.kotlin.statistics.metrics.IStatisticsValuesConsumer               : loaded 2 times (x 66B)
Class com.google.common.util.concurrent.SettableFuture                                : loaded 2 times (x 110B)
Class com.google.common.cache.LocalCache$Strength$2                                   : loaded 2 times (x 77B)
Class com.google.common.io.ByteStreams                                                : loaded 2 times (x 67B)
Class com.google.common.collect.TransformedIterator                                   : loaded 2 times (x 76B)
Class org.jetbrains.kotlin.gradle.tasks.KotlinJavaToolchain$JdkSetter                 : loaded 2 times (x 66B)
Class com.google.common.collect.ComparisonChain$1                                     : loaded 2 times (x 77B)
Class com.google.common.collect.AllEqualOrdering                                      : loaded 2 times (x 110B)
Class org.jetbrains.kotlin.gradle.internal.StdlibDependencyManagementKt$configureStdlibVersionAlignment$1: loaded 2 times (x 75B)
Class org.jetbrains.kotlin.gradle.plugin.mpp.KotlinUsages$KotlinCinteropDisambiguation: loaded 2 times (x 72B)
Class org.jetbrains.kotlin.gradle.report.BuildReportType$Companion                    : loaded 2 times (x 67B)
Class org.jetbrains.kotlin.gradle.plugin.KotlinPluginInMultipleProjectsHolder         : loaded 2 times (x 68B)
Class org.jetbrains.kotlin.gradle.utils.ConfigurationCacheKt                          : loaded 2 times (x 67B)
Class com.google.common.cache.LocalCache$Strength$3                                   : loaded 2 times (x 77B)
Class com.google.common.collect.MapDifference                                         : loaded 2 times (x 66B)
Class com.google.common.base.Splitter$1                                               : loaded 2 times (x 73B)
Class com.google.common.reflect.Invokable                                             : loaded 2 times (x 99B)
Class org.jetbrains.kotlin.gradle.tasks.KotlinCompilerPluginData$InputsOutputsState   : loaded 2 times (x 68B)
Class org.jetbrains.kotlin.tooling.core.Extras$Type                                   : loaded 2 times (x 68B)
Class [Lorg.jetbrains.kotlin.gradle.dsl.JvmTarget;                                    : loaded 2 times (x 65B)
Class org.jetbrains.kotlin.gradle.plugin.sources.DefaultKotlinSourceSetFactory$setUpSourceSetDefaults$1$1$1: loaded 2 times (x 75B)
Class org.jetbrains.kotlin.gradle.plugin.sources.FragmentConsistencyChecks$optInAnnotationsCheck$1: loaded 2 times (x 75B)
Class org.jetbrains.kotlin.gradle.plugin.mpp.AbstractKotlinCompilationToRunnableFiles : loaded 2 times (x 186B)
Class org.jetbrains.kotlin.gradle.plugin.mpp.KotlinUsages$KotlinMetadataCompatibility : loaded 2 times (x 72B)
Class org.objectweb.asm.FieldWriter                                                   : loaded 2 times (x 74B)
Class com.google.common.cache.CacheBuilder$NullListener                               : loaded 2 times (x 78B)
Class org.gradle.internal.classpath.TransformedClassPath                              : loaded 2 times (x 92B)
Class org.gradle.internal.classloader.InstrumentingClassLoader                        : loaded 2 times (x 66B)
Class jdk.internal.jrtfs.SystemImage$1                                                : loaded 2 times (x 74B)
Class org.apache.commons.io.output.UnsynchronizedByteArrayOutputStream                : loaded 2 times (x 98B)
Class com.google.common.reflect.Types$ParameterizedTypeImpl                           : loaded 2 times (x 77B)
Class org.jetbrains.kotlin.gradle.tasks.configuration.BaseKotlinCompileConfig$2$1$2   : loaded 2 times (x 71B)
Class org.jetbrains.kotlin.gradle.internal.StdlibDependencyManagementKt$configureStdlibVersionAlignment$1$1$1: loaded 2 times (x 75B)
Class com.google.common.collect.ImmutableRangeSet$AsSet                               : loaded 2 times (x 295B)
Class org.jetbrains.kotlin.gradle.plugin.sources.FragmentConsistencyChecks$optInAnnotationsCheck$2: loaded 2 times (x 74B)
Class com.google.common.cache.CacheLoader$FunctionToCacheLoader                       : loaded 2 times (x 71B)
Class com.google.common.collect.Iterators$ArrayItr                                    : loaded 2 times (x 93B)
Class com.google.common.collect.ImmutableCollection$Builder                           : loaded 2 times (x 72B)
Class jdk.internal.jrtfs.SystemImage$2                                                : loaded 2 times (x 72B)
Class org.apache.commons.io.output.ByteArrayOutputStream                              : loaded 2 times (x 98B)
Class com.google.common.reflect.TypeResolver$TypeVariableKey                          : loaded 2 times (x 68B)
Class org.jetbrains.kotlin.gradle.tasks.AbstractKotlinCompileTool$sources$1           : loaded 2 times (x 75B)
Class org.jetbrains.kotlin.build.SourcesUtilsKt                                       : loaded 2 times (x 67B)
Class org.jetbrains.kotlin.gradle.tasks.configuration.TaskConfigAction                : loaded 2 times (x 68B)
Class org.jetbrains.kotlin.gradle.plugin.sources.KotlinSourceSetFactory               : loaded 2 times (x 76B)
Class org.jetbrains.kotlin.gradle.plugin.internal.KotlinTestReportCompatibilityHelper$KotlinTestReportCompatibilityHelperVariantFactory: loaded 2 times (x 66B)
Class com.google.common.base.Joiner                                                   : loaded 2 times (x 75B)
Class com.google.common.base.MoreObjects                                              : loaded 2 times (x 67B)
Class [Lorg.jetbrains.kotlin.build.report.metrics.BuildAttribute;                     : loaded 2 times (x 65B)
Class org.jetbrains.kotlin.gradle.plugin.mpp.InternalKotlinCompilationKt              : loaded 2 times (x 67B)
Class org.jetbrains.kotlin.gradle.tasks.configuration.AbstractKotlinCompileConfig     : loaded 2 times (x 68B)
Class org.jetbrains.kotlin.gradle.plugin.mpp.compilationImpl.KotlinCompilationImpl$attributes$2: loaded 2 times (x 75B)
Class org.jetbrains.kotlin.config.LanguageOrApiVersion                                : loaded 2 times (x 66B)
Class org.jetbrains.kotlin.gradle.utils.IsolatedKotlinClasspathClassCastException     : loaded 2 times (x 78B)
Class [Lorg.objectweb.asm.Type;                                                       : loaded 2 times (x 65B)
Class com.google.common.collect.Platform                                              : loaded 2 times (x 67B)
Class com.google.common.collect.UnmodifiableIterator                                  : loaded 2 times (x 76B)
Class org.jetbrains.kotlin.utils.CollectionsKt                                        : loaded 2 times (x 67B)
Class org.gradle.internal.service.ServiceLocator                                      : loaded 2 times (x 66B)
Class jdk.internal.jrtfs.JrtFileSystemProvider                                        : loaded 2 times (x 97B)
Class org.apache.commons.io.FileExistsException                                       : loaded 2 times (x 78B)
Class org.jetbrains.kotlin.gradle.tasks.DefaultKotlinJavaToolchain$DefaultJavaToolchainSetter$useAsConvention$1: loaded 2 times (x 121B)
Class com.google.common.collect.SingletonImmutableBiMap                               : loaded 2 times (x 139B)
Class org.jetbrains.kotlin.gradle.plugin.internal.IdeaSyncDetector$IdeaSyncDetectorVariantFactory: loaded 2 times (x 66B)
Class com.google.common.base.Ascii                                                    : loaded 2 times (x 67B)
Class com.google.common.cache.LocalCache$1                                            : loaded 2 times (x 85B)
Class com.google.common.collect.AbstractMapEntry                                      : loaded 2 times (x 77B)
Class com.google.common.reflect.TypeToken$SimpleTypeToken                             : loaded 2 times (x 69B)
Class org.jetbrains.kotlin.gradle.plugin.KotlinCompilationWithResources               : loaded 2 times (x 66B)
Class com.google.common.collect.AbstractSetMultimap                                   : loaded 2 times (x 170B)
Class com.google.common.collect.Sets$ImprovedAbstractSet                              : loaded 2 times (x 131B)
Class com.google.common.collect.ImmutableList$Builder                                 : loaded 2 times (x 73B)
Class org.jetbrains.kotlin.gradle.plugin.KotlinTargetPreset                           : loaded 2 times (x 66B)
Class org.jetbrains.kotlin.gradle.plugin.mpp.KotlinUsages$KotlinJavaRuntimeJarsCompatibility: loaded 2 times (x 72B)
Class com.google.common.cache.LocalCache$2                                            : loaded 2 times (x 138B)
Class com.google.common.collect.AbstractMultimap                                      : loaded 2 times (x 119B)
Class org.jetbrains.kotlin.gradle.tasks.configuration.AbstractKotlinCompileConfig$2$1 : loaded 2 times (x 74B)
Class org.jetbrains.kotlin.config.MavenComparableVersion$IntegerItem                  : loaded 2 times (x 76B)
Class org.jetbrains.kotlin.gradle.tasks.DefaultKotlinJavaToolchain_Decorated          : loaded 2 times (x 122B)
Class org.jetbrains.kotlin.build.report.metrics.ValueType                             : loaded 2 times (x 75B)
Class org.jetbrains.kotlin.gradle.plugin.KotlinCompilationInfo$TCS                    : loaded 2 times (x 85B)
Class com.google.common.collect.ImmutableRangeSet$1                                   : loaded 2 times (x 205B)
Class org.jetbrains.kotlin.gradle.dsl.KotlinCommonOptions                             : loaded 2 times (x 66B)
Class com.google.common.util.concurrent.AbstractFuture$UnsafeAtomicHelper$1           : loaded 2 times (x 72B)
Class com.google.common.collect.RegularImmutableAsList                                : loaded 2 times (x 212B)
Class org.jetbrains.kotlin.build.report.metrics.BuildTimes$Companion                  : loaded 2 times (x 67B)
Class org.jetbrains.kotlin.gradle.tasks.configuration.BaseKotlinCompileConfig$1$classpathConfiguration$1: loaded 2 times (x 71B)
Class com.google.common.collect.Range                                                 : loaded 2 times (x 83B)
Class org.jetbrains.kotlin.gradle.targets.js.npm.NpmDependencyExtensionDelegate       : loaded 2 times (x 163B)
Class org.jetbrains.kotlin.gradle.plugin.sources.FragmentConsistencyChecker           : loaded 2 times (x 68B)
Class org.jetbrains.kotlin.gradle.dsl.DefaultToolchainSupport_Decorated               : loaded 2 times (x 120B)
Class org.jetbrains.kotlin.gradle.report.BuildMetricsService$Companion                : loaded 2 times (x 67B)
Class org.jetbrains.kotlin.gradle.utils.GradleUtilsKt                                 : loaded 2 times (x 67B)
Class org.jetbrains.kotlin.gradle.plugin.internal.MavenPluginConfigurator$DefaultMavenPluginConfiguratorVariantFactory: loaded 2 times (x 70B)
Class org.jetbrains.kotlin.gradle.tasks.KotlinCompileTool                             : loaded 2 times (x 66B)
Class com.google.common.util.concurrent.AbstractFuture$Trusted                        : loaded 2 times (x 66B)
Class com.google.common.collect.Iterators                                             : loaded 2 times (x 67B)
Class com.google.common.base.CharMatcher$RangesMatcher                                : loaded 2 times (x 108B)
Class jdk.internal.jimage.ImageLocation                                               : loaded 2 times (x 86B)
Class jdk.internal.jrtfs.JrtDirectoryStream$1                                         : loaded 2 times (x 79B)
Class com.google.common.io.ByteSink$AsCharSink                                        : loaded 2 times (x 76B)
Class [Lorg.jetbrains.kotlin.build.report.metrics.BuildTime;                          : loaded 2 times (x 65B)
Class org.jetbrains.kotlin.gradle.tasks.configuration.BaseKotlinCompileConfig         : loaded 2 times (x 68B)
Class org.jetbrains.kotlin.gradle.plugin.mpp.compilationImpl.factory.KotlinCompilationImplFactory$KotlinCompilationTaskNamesContainerFactory: loaded 2 times (x 66B)
Class com.google.common.collect.ExplicitOrdering                                      : loaded 2 times (x 111B)
Class org.jetbrains.kotlin.gradle.ExperimentalKotlinGradlePluginApi                   : loaded 2 times (x 66B)
Class com.google.common.util.concurrent.UncheckedExecutionException                   : loaded 2 times (x 78B)
Class com.google.common.collect.Lists$StringAsImmutableList                           : loaded 2 times (x 203B)
Class org.jetbrains.kotlin.config.MavenComparableVersion                              : loaded 2 times (x 74B)
Class org.jetbrains.kotlin.gradle.tasks.KotlinCompile$scriptSources$1                 : loaded 2 times (x 75B)
Class org.jetbrains.kotlin.build.report.metrics.BuildAttribute$Companion              : loaded 2 times (x 67B)
Class org.jetbrains.kotlin.gradle.internal.KotlinTestDependencyManagementKt$maybeAddTestDependencyCapability$1: loaded 2 times (x 75B)
Class org.jetbrains.kotlin.tooling.core.TypeUtils$WhenMappings                        : loaded 2 times (x 67B)
Class com.google.common.collect.ImmutableSortedSetFauxverideShim                      : loaded 2 times (x 143B)
Class org.jetbrains.kotlin.gradle.plugin.mpp.KotlinJvmAndroidCompilation              : loaded 2 times (x 188B)
Class com.google.common.base.CharMatcher$JavaLetterOrDigit                            : loaded 2 times (x 107B)
Class org.gradle.internal.InternalTransformer                                         : loaded 2 times (x 66B)
Class jdk.internal.jimage.ImageBufferCache$1                                          : loaded 2 times (x 79B)
Class NativePluginLoader                                                              : loaded 2 times (x 89B)
Class org.jetbrains.kotlin.gradle.tasks.configuration.AbstractKotlinCompileConfig$2$5 : loaded 2 times (x 75B)
Class org.jetbrains.kotlin.gradle.tasks.CompileUsingKotlinDaemonWithNormalization     : loaded 2 times (x 66B)
Class com.google.common.collect.HashMultimapGwtSerializationDependencies              : loaded 2 times (x 170B)
Class com.google.common.collect.AbstractMapBasedMultimap$KeySet$1                     : loaded 2 times (x 78B)
Class org.jetbrains.kotlin.gradle.targets.js.npm.DefaultDevNpmDependencyExtension     : loaded 2 times (x 141B)
Class [Lorg.jetbrains.kotlin.gradle.plugin.HasKotlinDependencies;                     : loaded 2 times (x 65B)
Class org.jetbrains.kotlin.gradle.plugin.KotlinPlatformType                           : loaded 2 times (x 78B)
Class org.jetbrains.kotlin.gradle.plugin.KotlinGradleBuildServices$Companion          : loaded 2 times (x 67B)
Class org.objectweb.asm.ClassWriter                                                   : loaded 2 times (x 102B)
Class com.google.common.cache.CacheLoader$UnsupportedLoadingOperationException        : loaded 2 times (x 78B)
Class com.google.common.base.CharMatcher$And                                          : loaded 2 times (x 108B)
Class org.gradle.internal.classloader.ClasspathUtil$1                                 : loaded 2 times (x 72B)
Class jdk.internal.jimage.ImageBufferCache$2                                          : loaded 2 times (x 87B)
Class com.google.common.base.Objects                                                  : loaded 2 times (x 67B)
Class com.google.common.collect.AbstractMapBasedMultimap$Itr                          : loaded 2 times (x 79B)
Class org.jetbrains.kotlin.gradle.plugin.ProjectLocalConfigurations$ProjectLocalDisambiguation: loaded 2 times (x 72B)
Class org.jetbrains.kotlin.gradle.plugin.KotlinGradleBuildServices$detectKotlinPluginLoadedInMultipleProjects$onRegister$1$1: loaded 2 times (x 71B)
Class org.objectweb.asm.FieldVisitor                                                  : loaded 2 times (x 73B)
Class com.google.common.collect.IndexedImmutableSet                                   : loaded 2 times (x 146B)
Class com.google.common.collect.ImmutableMap$1                                        : loaded 2 times (x 77B)
Class com.google.common.collect.BiMap                                                 : loaded 2 times (x 66B)
Class org.gradle.api.internal.classpath.DefaultModuleRegistry$DefaultModule           : loaded 2 times (x 82B)
Class com.google.common.reflect.Reflection                                            : loaded 2 times (x 67B)
Class org.jetbrains.kotlin.gradle.plugin.mpp.compilationImpl.KotlinCompilationSourceSetInclusion$DefaultAddSourcesToCompileTask$addSources$1: loaded 2 times (x 75B)
Class com.google.common.collect.NullsFirstOrdering                                    : loaded 2 times (x 111B)
Class org.jetbrains.kotlin.tooling.core.ExtrasUtilsKt                                 : loaded 2 times (x 67B)
Class org.jetbrains.kotlin.gradle.utils.ResourceUtilsKt                               : loaded 2 times (x 67B)
Class org.jetbrains.kotlin.gradle.plugin.KotlinPluginWrapperKt$kotlinPluginVersionFromResources$1: loaded 2 times (x 74B)
Class com.google.common.primitives.Ints                                               : loaded 2 times (x 67B)
Class com.google.common.collect.AbstractIterator                                      : loaded 2 times (x 78B)
Class build_klt7fze4acvfnkdpt689vu36                                                  : loaded 2 times (x 177B)
Class org.jetbrains.kotlin.gradle.tasks.UsesKotlinJavaToolchain$DefaultImpls          : loaded 2 times (x 67B)
Class org.jetbrains.kotlin.build.report.metrics.BuildAttributeKind$Companion          : loaded 2 times (x 67B)
Class org.jetbrains.kotlin.gradle.tasks.AbstractKotlinCompile                         : loaded 2 times (x 416B)
Class org.jetbrains.kotlin.gradle.plugin.KotlinCompilationOutput                      : loaded 2 times (x 66B)
Class org.jetbrains.kotlin.gradle.plugin.KotlinGradleBuildServices$Parameters$Inject  : loaded 2 times (x 104B)
Class org.jetbrains.kotlin.gradle.plugin.KotlinPluginWrapperKt$kotlinPluginVersionFromResources$1$1: loaded 2 times (x 67B)
Class com.google.common.math.MathPreconditions                                        : loaded 2 times (x 67B)
Class com.google.common.collect.Multiset                                              : loaded 2 times (x 66B)
Class com.google.common.collect.ArrayListMultimapGwtSerializationDependencies         : loaded 2 times (x 168B)
Class com.google.common.collect.ObjectArrays                                          : loaded 2 times (x 67B)
Class com.google.common.collect.AbstractIndexedListIterator                           : loaded 2 times (x 92B)
Class build_klt7fze4acvfnkdpt689vu36$_run_closure1                                    : loaded 2 times (x 135B)
Class org.apache.commons.io.output.NullOutputStream                                   : loaded 2 times (x 81B)
Class org.jetbrains.kotlin.tooling.core.Extras$Entry                                  : loaded 2 times (x 68B)
Class org.jetbrains.kotlin.gradle.plugin.sources.InternalKotlinSourceSetKt            : loaded 2 times (x 67B)
Class org.jetbrains.kotlin.gradle.dsl.KotlinJvmCompilerOptionsDefault_Decorated       : loaded 2 times (x 155B)
Class org.jetbrains.kotlin.gradle.internal.Kapt3GradleSubplugin$Kapt3SubpluginContext : loaded 2 times (x 68B)
Class org.jetbrains.kotlin.gradle.plugin.mpp.pm20.KotlinPm20ProjectExtension          : loaded 2 times (x 82B)
Class org.jetbrains.kotlin.gradle.plugin.HasKotlinDependencies                        : loaded 2 times (x 66B)
Class org.jetbrains.kotlin.gradle.plugin.internal.DefaultJavaSourceSetsAccessorVariantFactory: loaded 2 times (x 70B)
Class com.google.common.collect.ImmutableMapEntrySet                                  : loaded 2 times (x 147B)
Class org.gradle.api.internal.classpath.Module                                        : loaded 2 times (x 66B)
Class org.jetbrains.kotlin.gradle.tasks.KotlinCompile$ClasspathSnapshotProperties_Decorated: loaded 2 times (x 133B)
Class org.jetbrains.kotlin.gradle.report.BuildReportsService$Companion                : loaded 2 times (x 67B)
Class org.jetbrains.kotlin.gradle.plugin.mpp.pm20.util.TargetsKt                      : loaded 2 times (x 67B)
Class org.jetbrains.kotlin.tooling.core.ExtrasPropertyKt$extrasFactoryProperty$1      : loaded 2 times (x 90B)
Class org.jetbrains.kotlin.gradle.plugin.mpp.compilationImpl.KotlinCompilationSourceSetInclusion$Companion$includedSourceSets$2: loaded 2 times (x 74B)
Class org.jetbrains.kotlin.gradle.targets.js.npm.NpmDirectoryDependencyWithExternalsExtension: loaded 2 times (x 66B)
Class org.jetbrains.kotlin.gradle.plugin.KotlinGradleFinishBuildHandler$Companion     : loaded 2 times (x 67B)
Class com.google.common.cache.Weigher                                                 : loaded 2 times (x 66B)
Class org.gradle.api.internal.classpath.UnknownModuleException                        : loaded 2 times (x 78B)
Class jdk.internal.jimage.ImageHeader                                                 : loaded 2 times (x 67B)
Class org.jetbrains.kotlin.config.ApiVersion                                          : loaded 2 times (x 82B)
Class org.jetbrains.kotlin.gradle.targets.js.npm.NpmDependencyWithExternalsExtension  : loaded 2 times (x 66B)
Class org.jetbrains.kotlin.gradle.plugin.KotlinTargetsContainer                       : loaded 2 times (x 66B)
Class org.jetbrains.kotlin.compilerRunner.GradleCliCommonizerKt                       : loaded 2 times (x 67B)
Class org.jetbrains.kotlin.gradle.utils.ConfigurationsKt                              : loaded 2 times (x 67B)
Class org.jetbrains.kotlin.gradle.plugin.PluginWrappersKt                             : loaded 2 times (x 67B)
Class com.google.common.base.Stopwatch                                                : loaded 2 times (x 68B)
Class com.google.common.cache.LocalCache$Strength                                     : loaded 2 times (x 77B)
Class com.google.common.cache.Cache                                                   : loaded 2 times (x 66B)
Class com.google.gson.stream.JsonReader$1                                             : loaded 2 times (x 68B)
Class org.apache.commons.io.filefilter.IOFileFilter                                   : loaded 2 times (x 66B)
Class com.google.common.io.Files$2                                                    : loaded 2 times (x 72B)
Class org.jetbrains.kotlin.build.report.metrics.BuildMetricsReporter                  : loaded 2 times (x 66B)
Class com.google.common.io.AppendableWriter                                           : loaded 2 times (x 96B)
Class com.google.common.collect.AbstractMultimap$Entries                              : loaded 2 times (x 116B)
Class org.jetbrains.kotlin.gradle.plugin.sources.DefaultKotlinSourceSetKt$defaultSourceSetLanguageSettingsChecker$1: loaded 2 times (x 74B)
Class org.jetbrains.kotlin.gradle.plugin.sources.InternalKotlinSourceSet              : loaded 2 times (x 66B)
Class org.jetbrains.kotlin.gradle.utils.ObjectCollectionExtKt                         : loaded 2 times (x 67B)
Class com.google.common.util.concurrent.AbstractFuture$Cancellation                   : loaded 2 times (x 68B)
Class com.google.common.collect.ImmutableMap$Builder                                  : loaded 2 times (x 78B)
Class com.google.common.base.NullnessCasts                                            : loaded 2 times (x 67B)
Class org.jetbrains.kotlin.gradle.targets.js.dsl.KotlinWasmTargetDsl                  : loaded 2 times (x 66B)
Class com.google.common.collect.AbstractMapBasedMultimap$WrappedCollection$WrappedIterator: loaded 2 times (x 80B)
Class org.jetbrains.kotlin.gradle.dsl.KotlinCommonToolOptions                         : loaded 2 times (x 66B)
Class org.jetbrains.kotlin.gradle.plugin.sources.ConsistencyCheck                     : loaded 2 times (x 68B)
Class org.jetbrains.kotlin.gradle.plugin.sources.DefaultKotlinSourceSetKt$defaultSourceSetLanguageSettingsChecker$2: loaded 2 times (x 74B)
Class org.jetbrains.kotlin.gradle.dsl.KotlinMultiplatformExtension                    : loaded 2 times (x 466B)
Class com.google.common.cache.RemovalListener                                         : loaded 2 times (x 66B)
Class org.gradle.api.internal.DefaultClassPathRegistry                                : loaded 2 times (x 72B)
Class org.apache.commons.io.file.DeleteOption                                         : loaded 2 times (x 66B)
Class com.google.common.reflect.Invokable$ConstructorInvokable                        : loaded 2 times (x 103B)
Class org.jetbrains.kotlin.gradle.targets.js.npm.DefaultPeerNpmDependencyExtension$delegate$1: loaded 2 times (x 163B)
Class org.jetbrains.kotlin.gradle.targets.js.npm.NpmDependency                        : loaded 2 times (x 97B)
Class org.jetbrains.kotlin.gradle.targets.js.npm.DefaultNpmDependencyExtension        : loaded 2 times (x 148B)
Class org.jetbrains.kotlin.gradle.targets.js.npm.NpmDependency$Scope                  : loaded 2 times (x 75B)
Class org.jetbrains.kotlin.gradle.plugin.sources.FragmentConsistencyChecks$unstableFeaturesCheck$1: loaded 2 times (x 75B)
Class org.jetbrains.kotlin.gradle.plugin.sources.DefaultKotlinSourceSet               : loaded 2 times (x 141B)
Class com.google.common.primitives.IntsMethodsForWeb                                  : loaded 2 times (x 67B)
Class com.google.common.collect.Multimap                                              : loaded 2 times (x 66B)
Class org.gradle.api.internal.ClassPathRegistry                                       : loaded 2 times (x 66B)
Class org.gradle.internal.classpath.DefaultClassPath$ImmutableUniqueList              : loaded 2 times (x 195B)
Class jdk.internal.jimage.decompressor.ResourceDecompressor                           : loaded 2 times (x 66B)
Class NativePluginLoader$_getPlugins_closure1                                         : loaded 2 times (x 136B)
Class org.apache.commons.io.IOUtils                                                   : loaded 2 times (x 67B)
Class com.google.common.reflect.TypeToken                                             : loaded 2 times (x 69B)
Class com.google.common.base.ExtraObjectsMethodsForWeb                                : loaded 2 times (x 67B)
Class org.jetbrains.kotlin.gradle.plugin.KotlinCompilation$DefaultImpls               : loaded 2 times (x 67B)
Class org.jetbrains.kotlin.gradle.dsl.KotlinCommonCompilerOptionsDefault              : loaded 2 times (x 86B)
Class org.jetbrains.kotlin.gradle.dsl.KotlinCommonCompilerToolOptionsDefault          : loaded 2 times (x 78B)
Class org.jetbrains.kotlin.gradle.plugin.sources.FragmentConsistencyChecks$unstableFeaturesCheck$2: loaded 2 times (x 74B)
Class org.jetbrains.kotlin.gradle.plugin.internal.ConfigurationTimePropertiesAccessor : loaded 2 times (x 66B)
Class org.jetbrains.kotlin.gradle.report.BuildReportMode$Companion                    : loaded 2 times (x 67B)
Class org.jetbrains.kotlin.gradle.plugin.VariantImplementationFactories$VariantImplementationFactory: loaded 2 times (x 66B)
Class jdk.internal.jimage.BasicImageReader                                            : loaded 2 times (x 91B)
Class com.google.common.io.ByteSink                                                   : loaded 2 times (x 72B)
Class org.jetbrains.kotlin.compilerRunner.CompilerSystemPropertiesService             : loaded 2 times (x 76B)
Class org.jetbrains.kotlin.gradle.plugin.mpp.compilationImpl.KotlinCompilationImpl$1  : loaded 2 times (x 75B)
Class org.jetbrains.kotlin.gradle.targets.js.npm.SemVer$Companion                     : loaded 2 times (x 67B)
Class org.jetbrains.kotlin.gradle.plugin.mpp.KotlinUsages$KotlinCinteropCompatibility : loaded 2 times (x 73B)
Class org.jetbrains.kotlin.gradle.dsl.ExplicitApiMode                                 : loaded 2 times (x 75B)
Class org.jetbrains.kotlin.gradle.plugin.VariantImplementationFactories$Companion     : loaded 2 times (x 67B)
Class org.jetbrains.kotlin.gradle.dsl.KotlinTopLevelExtensionConfig                   : loaded 2 times (x 66B)
Class com.google.common.cache.CacheBuilder                                            : loaded 2 times (x 68B)
Class com.google.common.collect.SingletonImmutableList                                : loaded 2 times (x 203B)
Class Settings_gradle$1                                                               : loaded 2 times (x 70B)
Class org.gradle.internal.classpath.ClassPath                                         : loaded 2 times (x 66B)
Class org.gradle.api.UncheckedIOException                                             : loaded 2 times (x 78B)
Class [Lcom.google.common.reflect.Types$JavaVersion;                                  : loaded 2 times (x 65B)
Class com.google.common.io.Files$FileByteSource                                       : loaded 2 times (x 81B)
Class org.jetbrains.kotlin.gradle.incremental.IncrementalModuleInfoProvider           : loaded 2 times (x 66B)
Class org.jetbrains.kotlin.gradle.dsl.KotlinJvmCompilerOptionsDefault                 : loaded 2 times (x 96B)
Class com.google.common.collect.ImmutableList$ReverseImmutableList                    : loaded 2 times (x 204B)
Class com.google.common.base.JdkPattern                                               : loaded 2 times (x 71B)
Class org.jetbrains.kotlin.gradle.tasks.AbstractKotlinCompile$defaultKotlinJavaToolchain$1: loaded 2 times (x 74B)
Class org.jetbrains.kotlin.gradle.report.BuildReportsService                          : loaded 2 times (x 80B)
Class org.jetbrains.kotlin.daemon.common.MultiModuleICSettings                        : loaded 2 times (x 68B)
Class org.jetbrains.kotlin.gradle.plugin.KotlinCompilationInfoKt                      : loaded 2 times (x 67B)
Class org.jetbrains.kotlin.gradle.tasks.KotlinCompile                                 : loaded 2 times (x 457B)
Class com.google.common.io.CharStreams$NullWriter                                     : loaded 2 times (x 95B)
Class org.jetbrains.kotlin.gradle.internal.StdlibDependencyManagementKt               : loaded 2 times (x 67B)
Class org.jetbrains.kotlin.cli.common.arguments.Freezable                             : loaded 2 times (x 67B)
Class org.jetbrains.kotlin.gradle.utils.ObservableSet                                 : loaded 2 times (x 66B)
Class org.jetbrains.kotlin.gradle.plugin.mpp.HierarchyAttributeContainer              : loaded 2 times (x 79B)
Class org.jetbrains.kotlin.gradle.tasks.UsesKotlinJavaToolchain                       : loaded 2 times (x 66B)
Class org.jetbrains.kotlin.statistics.metrics.StringOverridePolicy$OVERRIDE           : loaded 2 times (x 81B)
Class org.objectweb.asm.SymbolTable$Entry                                             : loaded 2 times (x 70B)
Class com.google.common.util.concurrent.AbstractFuture$AtomicHelper                   : loaded 2 times (x 74B)
Class com.google.gson.internal.JsonReaderInternalAccess                               : loaded 2 times (x 68B)
Class jdk.internal.jimage.ImageStringsReader                                          : loaded 2 times (x 76B)
Class org.jetbrains.kotlin.gradle.plugin.KotlinPlatformPluginBase                     : loaded 2 times (x 72B)
Class org.jetbrains.kotlin.gradle.incremental.UsesIncrementalModuleInfoBuildService   : loaded 2 times (x 66B)
Class org.jetbrains.kotlin.gradle.utils.SingleAction                                  : loaded 2 times (x 69B)
Class org.jetbrains.kotlin.gradle.plugin.PropertiesProvider$Companion                 : loaded 2 times (x 67B)
Class org.jetbrains.kotlin.gradle.plugin.internal.DefaultConfigurationTimePropertiesAccessorVariantFactory: loaded 2 times (x 70B)
Class org.objectweb.asm.Edge                                                          : loaded 2 times (x 68B)
Class com.google.common.base.Suppliers$SupplierOfInstance                             : loaded 2 times (x 75B)
Class com.google.common.collect.Iterators$1                                           : loaded 2 times (x 77B)
Class Dependency_version_checker_gradle                                               : loaded 2 times (x 126B)
Class com.google.common.reflect.TypeToken$1                                           : loaded 2 times (x 106B)
Class org.jetbrains.kotlin.statistics.metrics.BooleanAnonymizationPolicy$SAFE         : loaded 2 times (x 81B)
Class org.jetbrains.kotlin.gradle.tasks.KotlinCompile$defaultKotlinJavaToolchain$1    : loaded 2 times (x 75B)
Class org.jetbrains.kotlin.gradle.tasks.KotlinJavaToolchain$JavaToolchainSetter       : loaded 2 times (x 66B)
Class com.google.common.cache.LocalCache$ComputingValueReference                      : loaded 2 times (x 92B)
Class com.google.common.collect.SingletonImmutableSet                                 : loaded 2 times (x 142B)
Class com.google.common.collect.ImmutableMap$IteratorBasedImmutableMap                : loaded 2 times (x 121B)
Class jdk.internal.jimage.ImageReader                                                 : loaded 2 times (x 71B)
Class com.google.common.reflect.TypeToken$2                                           : loaded 2 times (x 106B)
Class org.jetbrains.kotlin.gradle.internal.KotlinDependenciesManagementKt$configureDefaultVersionsResolutionStrategy$1$1$1: loaded 2 times (x 75B)
Class org.jetbrains.kotlin.gradle.internal.transforms.ClasspathEntrySnapshotTransform$Parameters: loaded 2 times (x 69B)
Class org.jetbrains.kotlin.gradle.plugin.mpp.compilationImpl.DefaultKotlinCompilationSourceSetsContainer$allKotlinSourceSetsImpl$1$1: loaded 2 times (x 121B)
Class org.jetbrains.kotlin.gradle.plugin.mpp.compilationImpl.DefaultKotlinCompilationSourceSetsContainer: loaded 2 times (x 74B)
Class org.jetbrains.kotlin.tooling.core.AbstractExtras                                : loaded 2 times (x 137B)
Class com.google.common.cache.LocalCache$Segment                                      : loaded 2 times (x 150B)
Class jdk.internal.jimage.ImageReader$SharedImageReader                               : loaded 2 times (x 91B)
Class org.jetbrains.kotlin.build.report.metrics.BuildTimes                            : loaded 2 times (x 68B)
Class org.jetbrains.kotlin.gradle.tasks.KotlinCompile$ClasspathSnapshotProperties     : loaded 2 times (x 71B)
Class org.jetbrains.kotlin.gradle.tasks.configuration.BaseKotlinCompileConfig$2$1     : loaded 2 times (x 75B)
Class org.jetbrains.kotlin.gradle.plugin.mpp.KotlinCompilationsKt                     : loaded 2 times (x 67B)
Class com.google.common.collect.SortedIterable                                        : loaded 2 times (x 66B)
Class org.jetbrains.kotlin.utils.DescriptionAware                                     : loaded 2 times (x 66B)
Class org.jetbrains.kotlin.gradle.plugin.sources.DefaultKotlinSourceSet_Decorated     : loaded 2 times (x 193B)
Class org.jetbrains.kotlin.statistics.metrics.StringOverridePolicy                    : loaded 2 times (x 81B)
Class [Lorg.objectweb.asm.SymbolTable$Entry;                                          : loaded 2 times (x 65B)
Class com.google.common.cache.CacheLoader                                             : loaded 2 times (x 70B)
Class com.google.common.collect.Iterators$4                                           : loaded 2 times (x 78B)
Class com.google.common.collect.ImmutableBiMap                                        : loaded 2 times (x 139B)
Class com.google.common.collect.AbstractListMultimap                                  : loaded 2 times (x 168B)
Class org.gradle.internal.installation.GradleInstallation$1                           : loaded 2 times (x 71B)
Class org.gradle.api.internal.classpath.ModuleRegistry                                : loaded 2 times (x 66B)
Class jdk.internal.jimage.decompressor.ResourceDecompressorFactory                    : loaded 2 times (x 70B)
Class org.apache.commons.io.output.NullWriter                                         : loaded 2 times (x 95B)
Class org.jetbrains.kotlin.gradle.logging.GradleKotlinLogger                          : loaded 2 times (x 75B)
Class org.jetbrains.kotlin.gradle.model.builder.KotlinModelBuilder$Companion          : loaded 2 times (x 67B)
Class org.jetbrains.kotlin.gradle.internal.KotlinDependenciesManagementKt$configureDefaultVersionsResolutionStrategy$1: loaded 2 times (x 75B)
Class org.jetbrains.kotlin.gradle.internal.KotlinDependenciesManagementKt$customizeKotlinDependencies$coreLibrariesVersion$1: loaded 2 times (x 75B)
Class org.jetbrains.kotlin.gradle.plugin.mpp.KotlinUsages                             : loaded 2 times (x 67B)
Class com.google.common.util.concurrent.internal.InternalFutureFailureAccess          : loaded 2 times (x 68B)
Class com.google.common.collect.Iterators$5                                           : loaded 2 times (x 78B)
Class com.google.common.collect.ImmutableSet$JdkBackedSetBuilderImpl                  : loaded 2 times (x 72B)
Class com.google.common.base.Splitter$SplittingIterator                               : loaded 2 times (x 80B)
Class com.google.common.io.Closer$SuppressingSuppressor                               : loaded 2 times (x 71B)
Class [Lorg.jetbrains.kotlin.statistics.metrics.BooleanMetrics;                       : loaded 2 times (x 65B)
Class org.jetbrains.kotlin.gradle.targets.js.ir.KotlinJsIrTarget                      : loaded 2 times (x 216B)
Class org.jetbrains.kotlin.gradle.plugin.HasCompilerOptions                           : loaded 2 times (x 66B)
Class org.jetbrains.kotlin.gradle.plugin.mpp.compilationImpl.DefaultKotlinCompilationFriendPathsResolver$FriendArtifactResolver: loaded 2 times (x 66B)
Class org.jetbrains.kotlin.gradle.plugin.KotlinMultiplatformPluginWrapper             : loaded 2 times (x 83B)
Class com.google.common.util.concurrent.AbstractFuture$UnsafeAtomicHelper             : loaded 2 times (x 74B)
Class com.google.common.cache.LocalCache$LocalManualCache$1                           : loaded 2 times (x 71B)
Class com.google.common.base.CharMatcher$ForPredicate                                 : loaded 2 times (x 108B)
Class jdk.internal.jimage.ImageReader$Node                                            : loaded 2 times (x 80B)
Class com.google.common.collect.Multimaps$CustomSetMultimap                           : loaded 2 times (x 174B)
Class org.jetbrains.kotlin.gradle.internal.transforms.ClasspathEntrySnapshotTransform$Inject1: loaded 2 times (x 105B)
Class org.jetbrains.kotlin.gradle.plugin.mpp.compilationImpl.KotlinCompilationConfigurationsContainer: loaded 2 times (x 66B)
Class org.jetbrains.kotlin.gradle.internal.StdlibDependencyManagementKt$addStdlibDependency$1: loaded 2 times (x 75B)
Class org.jetbrains.kotlin.gradle.plugin.sources.KotlinSourceSetFactory$Companion     : loaded 2 times (x 67B)
Class org.jetbrains.kotlin.gradle.plugin.internal.MppTestReportHelper$MppTestReportHelperVariantFactory: loaded 2 times (x 66B)
Class org.jetbrains.kotlin.statistics.metrics.IStatisticsValuesConsumer$DefaultImpls  : loaded 2 times (x 67B)
Class com.google.common.collect.ImmutableCollection                                   : loaded 2 times (x 121B)
Class com.google.common.base.CharMatcher$AnyOf                                        : loaded 2 times (x 108B)
Class org.gradle.api.internal.classpath.DefaultModuleRegistry                         : loaded 2 times (x 82B)
Class jdk.internal.jimage.BasicImageReader$1                                          : loaded 2 times (x 73B)
Class org.jetbrains.kotlin.gradle.internal.KaptGenerateStubsTask                      : loaded 2 times (x 466B)
Class com.google.common.util.concurrent.ListenableFuture                              : loaded 2 times (x 66B)
Class com.google.common.cache.ReferenceEntry                                          : loaded 2 times (x 66B)
Class com.google.common.collect.ImmutableSet$CachingAsList                            : loaded 2 times (x 143B)
Class com.google.common.base.Converter                                                : loaded 2 times (x 86B)
Class com.google.common.collect.Lists                                                 : loaded 2 times (x 67B)
Class com.google.common.base.CharMatcher$Any                                          : loaded 2 times (x 108B)
Class build_7bmfx63roschkhhsilllnwlna$_run_closure1$_closure2                         : loaded 2 times (x 135B)
Class org.jetbrains.kotlin.gradle.tasks.KotlinCompilerExecutionStrategy$Companion     : loaded 2 times (x 67B)
Class org.jetbrains.kotlin.gradle.plugin.CompilerPluginConfig                         : loaded 2 times (x 68B)
Class org.jetbrains.kotlin.gradle.model.builder.KotlinModelBuilder                    : loaded 2 times (x 72B)
Class org.jetbrains.kotlin.gradle.plugin.mpp.KotlinAndroidTarget                      : loaded 2 times (x 134B)
Class org.jetbrains.kotlin.gradle.plugin.PropertiesProvider                           : loaded 2 times (x 68B)
Class org.jetbrains.kotlin.gradle.plugin.DefaultKotlinBasePlugin$addKotlinCompilerConfiguration$1: loaded 2 times (x 75B)
Class com.google.common.util.concurrent.AbstractFuture                                : loaded 2 times (x 102B)
Class com.google.common.base.FunctionalEquivalence                                    : loaded 2 times (x 79B)
Class com.google.common.collect.Iterators$9                                           : loaded 2 times (x 77B)
Class com.google.common.collect.AbstractMapBasedMultimap                              : loaded 2 times (x 135B)
Class org.gradle.internal.classloader.FilteringClassLoader                            : loaded 2 times (x 101B)
Class build_7bmfx63roschkhhsilllnwlna$_run_closure1$_closure3                         : loaded 2 times (x 135B)
Class com.google.common.reflect.TypeResolver$TypeTable                                : loaded 2 times (x 69B)
Class org.jetbrains.kotlin.gradle.tasks.DefaultKotlinJavaToolchain$javaVersion$1      : loaded 2 times (x 74B)
Class org.jetbrains.kotlin.gradle.targets.js.KotlinJsTarget                           : loaded 2 times (x 191B)
Class org.jetbrains.kotlin.gradle.plugin.mpp.compilationImpl.factory.KotlinCompilationImplFactory$KotlinCompilationOutputFactory: loaded 2 times (x 66B)
Class com.google.common.io.CharStreams                                                : loaded 2 times (x 67B)
Class org.jetbrains.kotlin.gradle.tooling.BuildKotlinToolingMetadataTaskKt            : loaded 2 times (x 67B)
Class org.jetbrains.kotlin.gradle.plugin.KotlinCompilationToRunnableFiles             : loaded 2 times (x 66B)
Class org.jetbrains.kotlin.gradle.plugin.ProjectLocalConfigurations$setupAttributesMatchingStrategy$1$1: loaded 2 times (x 74B)
Class org.jetbrains.kotlin.gradle.plugin.internal.DefaultIdeaSyncDetectorVariantFactory: loaded 2 times (x 70B)
Class org.jetbrains.kotlin.gradle.plugin.internal.DefaultBasePluginConfigurationVariantFactory: loaded 2 times (x 70B)
Class org.jetbrains.kotlin.gradle.plugin.DefaultKotlinBasePlugin$addKotlinCompilerConfiguration$2: loaded 2 times (x 75B)
Class org.objectweb.asm.RecordComponentVisitor                                        : loaded 2 times (x 73B)
Class com.google.common.cache.CacheLoader$SupplierToCacheLoader                       : loaded 2 times (x 71B)
Class jdk.internal.jimage.decompressor.Decompressor                                   : loaded 2 times (x 68B)
Class jdk.internal.jimage.ImageReader$Resource                                        : loaded 2 times (x 80B)
Class com.google.common.reflect.TypeResolver$TypeTable$1                              : loaded 2 times (x 69B)
Class org.jetbrains.kotlin.gradle.internal.StdlibDependencyManagementKt$isStdlibAddedByUser$1: loaded 2 times (x 75B)
Class org.jetbrains.kotlin.gradle.plugin.mpp.KotlinCompilationsKt$sam$java_util_concurrent_Callable$0: loaded 2 times (x 71B)
Class org.jetbrains.kotlin.gradle.tasks.KotlinCompilerPluginData                      : loaded 2 times (x 68B)
Class org.jetbrains.kotlin.compilerRunner.CompilerSystemPropertiesService$Companion   : loaded 2 times (x 67B)
Class org.jetbrains.kotlin.compilerRunner.CompilerSystemPropertiesService$Companion$registerIfAbsent$2$1$1: loaded 2 times (x 75B)
Class org.jetbrains.kotlin.gradle.plugin.KotlinCompilationInfo                        : loaded 2 times (x 84B)
Class org.jetbrains.kotlin.gradle.tasks.BaseKotlinCompile                             : loaded 2 times (x 66B)
Class org.jetbrains.kotlin.gradle.plugin.mpp.compilationImpl.KotlinCompilationSourceSetInclusion$include$1: loaded 2 times (x 75B)
Class org.jetbrains.kotlin.tooling.core.ExtrasPropertyKt                              : loaded 2 times (x 67B)
Class org.jetbrains.kotlin.gradle.plugin.mpp.compilationImpl.factory.KotlinCompilationImplFactory$KotlinCompilationDependencyConfigurationsFactory: loaded 2 times (x 66B)
Class com.google.common.collect.UsingToStringOrdering                                 : loaded 2 times (x 110B)
Class org.jetbrains.kotlin.gradle.dsl.KotlinJsProjectExtension                        : loaded 2 times (x 103B)
Class [Lorg.jetbrains.kotlin.config.LanguageVersion;                                  : loaded 2 times (x 65B)
Class org.jetbrains.kotlin.gradle.dsl.KotlinProjectExtensionKt                        : loaded 2 times (x 67B)
Class org.jetbrains.kotlin.gradle.plugin.KotlinGradleBuildServices$Parameters_Decorated: loaded 2 times (x 132B)
Class org.jetbrains.kotlin.gradle.plugin.internal.ConfigurationTimePropertiesAccessor$ConfigurationTimePropertiesAccessorVariantFactory: loaded 2 times (x 66B)
Class [Lorg.jetbrains.kotlin.statistics.metrics.IMetricContainerFactory;              : loaded 2 times (x 65B)
Class com.google.common.collect.Maps$EntryTransformer                                 : loaded 2 times (x 66B)
Class org.gradle.internal.service.ServiceLookupException                              : loaded 2 times (x 78B)
Class jdk.internal.jrtfs.JrtFileAttributes                                            : loaded 2 times (x 79B)
Class org.jetbrains.kotlin.gradle.internal.StdlibDependencyManagementKt$isStdlibAddedByUser$2: loaded 2 times (x 74B)
Class org.jetbrains.kotlin.gradle.tasks.KaptGenerateStubs                             : loaded 2 times (x 66B)
Class org.jetbrains.kotlin.gradle.tasks.GradleCompileTaskProvider_Decorated           : loaded 2 times (x 116B)
Class com.google.common.collect.ImmutableSortedSet                                    : loaded 2 times (x 295B)
Class org.jetbrains.kotlin.gradle.targets.js.npm.NpmDirectoryDependencyExtension      : loaded 2 times (x 66B)
Class [Lcom.google.common.cache.LocalCache$EntryFactory;                              : loaded 2 times (x 65B)
Class com.google.common.base.CharMatcher$JavaLetter                                   : loaded 2 times (x 107B)
Class org.gradle.internal.classloader.ClassLoaderFactory                              : loaded 2 times (x 66B)
Class NativePluginLoader$getDependenciesMetadata$0                                    : loaded 2 times (x 148B)
Class org.apache.commons.io.CloseableURLConnection                                    : loaded 2 times (x 113B)
Class org.jetbrains.kotlin.gradle.tasks.DefaultKotlinJavaToolchain$currentJvmJdkToolsJar$1: loaded 2 times (x 74B)
Class [Lorg.jetbrains.kotlin.build.report.metrics.ValueType;                          : loaded 2 times (x 65B)
Class org.jetbrains.kotlin.gradle.plugin.SubpluginEnvironment                         : loaded 2 times (x 68B)
Class org.jetbrains.kotlin.gradle.internal.StdlibDependencyManagementKt$addStdlibDependency$1$1$1: loaded 2 times (x 75B)
Class org.jetbrains.kotlin.gradle.plugin.sources.AbstractKotlinSourceSet              : loaded 2 times (x 141B)
Class org.jetbrains.kotlin.compilerRunner.GradleCliCommonizerKt$maybeCreateCommonizerClasspathConfiguration$1$1: loaded 2 times (x 75B)
Class com.google.common.cache.LocalCache$LocalManualCache                             : loaded 2 times (x 95B)
Class com.google.common.base.CharMatcher$IsNot                                        : loaded 2 times (x 107B)
Class com.google.common.base.CommonPattern                                            : loaded 2 times (x 70B)
Class org.gradle.internal.service.CachingServiceLocator                               : loaded 2 times (x 78B)
Class org.jetbrains.kotlin.gradle.plugin.internal.BasePluginConfiguration             : loaded 2 times (x 66B)
Class org.jetbrains.kotlin.gradle.plugin.KotlinTargetConfiguratorKt$WhenMappings      : loaded 2 times (x 67B)
Class com.google.common.collect.RegularImmutableSortedSet                             : loaded 2 times (x 295B)
Class com.google.common.collect.AbstractMapBasedMultimap$KeySet                       : loaded 2 times (x 133B)
Class org.jetbrains.kotlin.project.model.LanguageSettings                             : loaded 2 times (x 66B)
Class com.google.common.math.IntMath                                                  : loaded 2 times (x 67B)
Class com.google.common.reflect.Types$TypeVariableInvocationHandler                   : loaded 2 times (x 71B)
Class org.jetbrains.kotlin.build.report.metrics.BuildTime                             : loaded 2 times (x 75B)
Class org.jetbrains.kotlin.gradle.plugin.mpp.pm20.util.ConfigurationUtilsKt           : loaded 2 times (x 67B)
Class org.jetbrains.kotlin.gradle.plugin.mpp.InternalKotlinCompilation$DefaultImpls   : loaded 2 times (x 67B)
Class org.jetbrains.kotlin.gradle.plugin.mpp.compilationImpl.KotlinCompilationSourceSetInclusion$DefaultAddSourcesToCompileTask: loaded 2 times (x 70B)
Class org.jetbrains.kotlin.tooling.core.MutableExtras                                 : loaded 2 times (x 66B)
Class org.jetbrains.kotlin.gradle.plugin.KotlinGradleBuildServices$detectKotlinPluginLoadedInMultipleProjects$onRegister$1: loaded 2 times (x 75B)
Class com.google.common.collect.Iterators$10                                          : loaded 2 times (x 77B)
Class com.google.common.collect.ImmutableMapEntry                                     : loaded 2 times (x 81B)
Class com.google.common.base.CharMatcher$JavaDigit                                    : loaded 2 times (x 107B)
Class [Lorg.jetbrains.kotlin.build.report.metrics.BuildPerformanceMetric;             : loaded 2 times (x 65B)
Class org.jetbrains.kotlin.gradle.tasks.CompileUsingKotlinDaemon                      : loaded 2 times (x 66B)
Class org.jetbrains.kotlin.gradle.plugin.mpp.KotlinWithJavaTarget                     : loaded 2 times (x 135B)
Class com.google.common.base.Predicates                                               : loaded 2 times (x 67B)
Class org.jetbrains.kotlin.gradle.internal.KotlinTestDependencyManagementKt$configureKotlinTestDependency$3: loaded 2 times (x 75B)
Class org.jetbrains.kotlin.gradle.plugin.KotlinGradleFinishBuildHandler               : loaded 2 times (x 68B)
Class org.jetbrains.kotlin.statistics.metrics.StringOverridePolicy$CONCAT             : loaded 2 times (x 81B)
Class org.jetbrains.kotlin.gradle.dsl.KotlinTopLevelExtension                         : loaded 2 times (x 82B)
Class com.google.common.base.Equivalence                                              : loaded 2 times (x 78B)
Class com.google.common.collect.ImmutableMapEntry$NonTerminalImmutableMapEntry        : loaded 2 times (x 81B)
Class com.google.common.base.Function                                                 : loaded 2 times (x 66B)
Class org.apache.commons.io.output.AbstractByteArrayOutputStream                      : loaded 2 times (x 98B)
Class com.google.common.collect.RegularImmutableMap$KeySet                            : loaded 2 times (x 146B)
Class org.jetbrains.kotlin.gradle.plugin.mpp.KotlinTargetWithBinaries                 : loaded 2 times (x 138B)
Class org.jetbrains.kotlin.gradle.plugin.ProjectLocalConfigurationsKt                 : loaded 2 times (x 67B)
Class org.jetbrains.kotlin.gradle.plugin.mpp.compilationImpl.factory.KotlinCompilationImplFactory: loaded 2 times (x 68B)
Class [Lorg.jetbrains.kotlin.gradle.plugin.KotlinSourceSet;                           : loaded 2 times (x 65B)
Class org.jetbrains.kotlin.gradle.plugin.KotlinTargetsContainerWithPresets            : loaded 2 times (x 66B)
Class org.jetbrains.kotlin.gradle.plugin.PropertiesProvider$localProperties$2         : loaded 2 times (x 75B)
Class org.jetbrains.kotlin.gradle.plugin.internal.JavaSourceSetsAccessor$JavaSourceSetsAccessorVariantFactory: loaded 2 times (x 66B)
Class org.jetbrains.kotlin.statistics.metrics.IMetricContainerFactory                 : loaded 2 times (x 66B)
Class org.jetbrains.kotlin.statistics.MetricValueValidationFailed                     : loaded 2 times (x 78B)
Class com.google.common.collect.IndexedImmutableSet$1                                 : loaded 2 times (x 208B)
Class com.google.common.cache.CacheBuilder$OneWeigher                                 : loaded 2 times (x 78B)
Class com.google.common.collect.RegularImmutableList                                  : loaded 2 times (x 208B)
Class jdk.internal.jimage.ImageBufferCache                                            : loaded 2 times (x 67B)
Class jdk.internal.jrtfs.JrtPath                                                      : loaded 2 times (x 114B)
Class com.google.common.reflect.Types$ClassOwnership$1LocalClass                      : loaded 2 times (x 67B)
Class org.jetbrains.kotlin.build.report.metrics.BuildMetricsReporterImpl              : loaded 2 times (x 80B)
Class org.jetbrains.kotlin.gradle.targets.js.npm.SemVer                               : loaded 2 times (x 71B)
Class org.jetbrains.kotlin.gradle.plugin.internal.ConfigurationTimePropertiesAccessorKt: loaded 2 times (x 67B)
Class [Lorg.jetbrains.kotlin.gradle.report.BuildReportType;                           : loaded 2 times (x 65B)
Class org.jetbrains.kotlin.gradle.tasks.AbstractKotlinCompileTool                     : loaded 2 times (x 356B)
Class com.google.common.collect.ImmutableBiMapFauxverideShim                          : loaded 2 times (x 116B)
Class org.gradle.internal.classloader.ClasspathUtil                                   : loaded 2 times (x 67B)
Class build_7bmfx63roschkhhsilllnwlna$_run_closure1                                   : loaded 2 times (x 135B)
Class org.jetbrains.kotlin.gradle.dsl.KotlinCompile                                   : loaded 2 times (x 66B)
Class org.jetbrains.kotlin.gradle.plugin.mpp.compilationImpl.DefaultKotlinCompilationFriendPathsResolver$DefaultFriendArtifactResolver: loaded 2 times (x 70B)
Class com.google.common.collect.ComparisonChain                                       : loaded 2 times (x 76B)
Class org.jetbrains.kotlin.gradle.dsl.JvmTarget$Companion                             : loaded 2 times (x 67B)
Class org.jetbrains.kotlin.gradle.utils.StringUtilsKt$lowerCamelCaseName$1            : loaded 2 times (x 121B)
Class org.jetbrains.kotlin.tooling.core.HasExtras                                     : loaded 2 times (x 66B)
Class com.google.common.base.Charsets                                                 : loaded 2 times (x 67B)
Class com.google.common.util.concurrent.Uninterruptibles                              : loaded 2 times (x 67B)
Class com.google.common.collect.AbstractMapBasedMultimap$WrappedSet                   : loaded 2 times (x 138B)
Class org.jetbrains.kotlin.gradle.plugin.AbstractKotlinMultiplatformPluginWrapper     : loaded 2 times (x 83B)
Class org.jetbrains.kotlin.gradle.targets.js.npm.DevNpmDependencyExtension            : loaded 2 times (x 66B)
Class org.jetbrains.kotlin.gradle.utils.GradleConfigurationUtilsKt$addGradlePluginMetadataAttributes$1: loaded 2 times (x 75B)
Class com.google.common.collect.Maps                                                  : loaded 2 times (x 67B)
Class com.google.common.base.CharMatcher$JavaUpperCase                                : loaded 2 times (x 107B)
Class org.gradle.api.specs.Spec                                                       : loaded 2 times (x 66B)
Class jdk.internal.jimage.ImageReader$SharedImageReader$LocationVisitor               : loaded 2 times (x 66B)
Class org.apache.commons.io.file.PathFilter                                           : loaded 2 times (x 66B)
Class com.google.common.reflect.Types$JavaVersion                                     : loaded 2 times (x 79B)
Class org.jetbrains.kotlin.gradle.plugin.internal.DefaultBasePluginConfiguration      : loaded 2 times (x 73B)
Class org.jetbrains.kotlin.gradle.tasks.KotlinCompile$disableMultiModuleIC$2          : loaded 2 times (x 75B)
Class org.jetbrains.kotlin.gradle.plugin.SubpluginEnvironment$Companion               : loaded 2 times (x 67B)
Class org.jetbrains.kotlin.gradle.tasks.configuration.BaseKotlinCompileConfig$Companion: loaded 2 times (x 67B)
Class org.jetbrains.kotlin.gradle.plugin.mpp.compilationImpl.KotlinCompilationImpl$Params: loaded 2 times (x 68B)
Class org.jetbrains.kotlin.gradle.dsl.KotlinJvmOptions$DefaultImpls                   : loaded 2 times (x 67B)
Class org.jetbrains.kotlin.gradle.tooling.BuildKotlinToolingMetadataTask              : loaded 2 times (x 313B)
Class [Lcom.google.common.collect.ImmutableEntry;                                     : loaded 2 times (x 65B)
Class org.jetbrains.kotlin.gradle.tasks.KotlinCompile$kotlinOptions$1                 : loaded 2 times (x 75B)
Class org.jetbrains.kotlin.build.report.metrics.BuildPerformanceMetric                : loaded 2 times (x 75B)
Class org.jetbrains.kotlin.gradle.tasks.configuration.AbstractKotlinCompileConfig$1$1 : loaded 2 times (x 75B)
Class org.jetbrains.kotlin.gradle.utils.StringUtilsKt                                 : loaded 2 times (x 67B)
Class [Lorg.jetbrains.kotlin.statistics.metrics.StringOverridePolicy;                 : loaded 2 times (x 65B)
Class com.google.common.cache.LocalCache$LoadingValueReference                        : loaded 2 times (x 92B)
Class com.google.common.base.Equivalence$Identity                                     : loaded 2 times (x 78B)
Class jdk.internal.jimage.decompressor.ResourceDecompressorRepository                 : loaded 2 times (x 67B)
Class com.google.common.reflect.Invokable$MethodInvokable                             : loaded 2 times (x 103B)
Class org.jetbrains.kotlin.gradle.tasks.configuration.AbstractKotlinCompileConfig$getClasspathSnapshotDir$1: loaded 2 times (x 74B)
Class [Lorg.jetbrains.kotlin.statistics.metrics.BooleanAnonymizationPolicy;           : loaded 2 times (x 65B)
Class org.jetbrains.kotlin.gradle.internal.transforms.ClasspathEntrySnapshotTransform : loaded 2 times (x 74B)
Class com.google.common.io.LineReader$1                                               : loaded 2 times (x 71B)
Class com.google.common.collect.AbstractMapBasedMultimap$AsMap                        : loaded 2 times (x 124B)
Class com.google.common.collect.Multimaps$Entries                                     : loaded 2 times (x 114B)
Class org.jetbrains.kotlin.gradle.plugin.KotlinTarget                                 : loaded 2 times (x 66B)
Class com.google.common.base.Platform                                                 : loaded 2 times (x 67B)
Class com.google.common.base.PairwiseEquivalence                                      : loaded 2 times (x 79B)
Class jdk.internal.jimage.ImageReader$Directory                                       : loaded 2 times (x 80B)
Class com.google.common.collect.AbstractMapBasedMultimap$WrappedList                  : loaded 2 times (x 201B)
Class org.jetbrains.kotlin.gradle.internal.KotlinDependenciesManagementKt$allNonProjectDependencies$1: loaded 2 times (x 74B)
Class [Lorg.jetbrains.kotlin.build.report.metrics.BuildAttributeKind;                 : loaded 2 times (x 65B)
Class org.jetbrains.kotlin.compilerRunner.CompilerSystemPropertiesService$Parameters  : loaded 2 times (x 66B)
Class org.jetbrains.kotlin.gradle.plugin.mpp.compilationImpl.KotlinCompilationSourceSetsContainer: loaded 2 times (x 66B)
Class org.jetbrains.kotlin.tooling.core.Extras$Key$Companion                          : loaded 2 times (x 67B)
Class org.jetbrains.kotlin.tooling.core.Extras$Key                                    : loaded 2 times (x 68B)
Class com.google.common.collect.CompoundOrdering                                      : loaded 2 times (x 111B)
Class org.jetbrains.kotlin.gradle.plugin.ProjectLocalConfigurations                   : loaded 2 times (x 67B)
Class org.jetbrains.kotlin.gradle.plugin.mpp.KotlinUsages$KotlinUsagesDisambiguation  : loaded 2 times (x 72B)
Class [Lorg.objectweb.asm.AnnotationWriter;                                           : loaded 2 times (x 65B)
Class com.google.common.primitives.Ints$IntConverter                                  : loaded 2 times (x 86B)
Class com.google.common.collect.Maps$8                                                : loaded 2 times (x 78B)
Class Build_gradle$3                                                                  : loaded 2 times (x 70B)
Class com.google.common.collect.ImmutableRangeSet$Builder                             : loaded 2 times (x 73B)
Class [Lcom.google.common.collect.Iterators$EmptyModifiableIterator;                  : loaded 2 times (x 65B)
Class org.jetbrains.kotlin.gradle.dsl.KotlinJvmOptions                                : loaded 2 times (x 66B)
Class org.jetbrains.kotlin.gradle.plugin.sources.DefaultKotlinSourceSetKt             : loaded 2 times (x 67B)
Class org.jetbrains.kotlin.gradle.plugin.mpp.HierarchyAttributeContainer$1            : loaded 2 times (x 74B)
Class org.jetbrains.kotlin.tooling.core.Extras                                        : loaded 2 times (x 66B)
Class org.jetbrains.kotlin.gradle.dsl.ToolchainSupport                                : loaded 2 times (x 66B)
Class org.jetbrains.kotlin.gradle.plugin.mpp.InternalKotlinTarget                     : loaded 2 times (x 66B)
Class org.jetbrains.kotlin.statistics.metrics.StringMetrics                           : loaded 2 times (x 76B)
Class com.google.common.collect.Sets$SetView                                          : loaded 2 times (x 134B)
Class com.google.common.cache.LocalCache$StrongValueReference                         : loaded 2 times (x 86B)
Class com.google.common.util.concurrent.AbstractFuture$SynchronizedHelper             : loaded 2 times (x 74B)
Class com.google.common.base.CharMatcher$Invisible                                    : loaded 2 times (x 108B)
Class com.google.common.graph.SuccessorsFunction                                      : loaded 2 times (x 66B)
Class org.jetbrains.kotlin.gradle.tasks.CompilerPluginOptions                         : loaded 2 times (x 68B)
Class [Lcom.google.gson.stream.JsonToken;                                             : loaded 2 times (x 65B)
Class org.objectweb.asm.Type                                                          : loaded 2 times (x 68B)
Class org.gradle.internal.classloader.VisitableURLClassLoader$InstrumentingVisitableURLClassLoader: loaded 2 times (x 119B)
Class org.apache.commons.io.FileUtils                                                 : loaded 2 times (x 67B)
Class com.google.common.io.Files$FileByteSink                                         : loaded 2 times (x 73B)
Class [Lorg.jetbrains.kotlin.gradle.tasks.KotlinCompilerExecutionStrategy;            : loaded 2 times (x 65B)
Class org.jetbrains.kotlin.gradle.tasks.FailedCompilationException                    : loaded 2 times (x 78B)
Class org.jetbrains.kotlin.gradle.plugin.mpp.KotlinNativeTarget                       : loaded 2 times (x 139B)
Class org.jetbrains.kotlin.gradle.plugin.mpp.compilationImpl.KotlinCompilationAssociator: loaded 2 times (x 66B)
Class org.jetbrains.kotlin.gradle.targets.js.npm.NpmDependencyExtensionKt$WhenMappings: loaded 2 times (x 67B)
Class org.jetbrains.kotlin.gradle.plugin.KotlinGradleBuildServices$Parameters         : loaded 2 times (x 66B)
Class org.objectweb.asm.ByteVector                                                    : loaded 2 times (x 75B)
Class [Lcom.google.common.cache.CacheBuilder$NullListener;                            : loaded 2 times (x 65B)
Class com.google.common.math.IntMath$1                                                : loaded 2 times (x 67B)
Class org.gradle.internal.classloader.VisitableURLClassLoader$Spec                    : loaded 2 times (x 70B)
Class org.gradle.internal.classpath.DefaultClassPath                                  : loaded 2 times (x 86B)
Class jdk.internal.jimage.decompressor.ZipDecompressorFactory                         : loaded 2 times (x 70B)
Class com.google.common.reflect.Types$ClassOwnership                                  : loaded 2 times (x 76B)
Class org.jetbrains.kotlin.gradle.plugin.mpp.compilationImpl.KotlinCompilationSourceSetInclusion$AddSourcesToCompileTask: loaded 2 times (x 66B)
Class org.jetbrains.kotlin.gradle.dsl.KotlinCommonCompilerOptions                     : loaded 2 times (x 66B)
Class org.jetbrains.kotlin.gradle.utils.MutableObservableSetImpl                      : loaded 2 times (x 159B)
Class org.jetbrains.kotlin.gradle.plugin.KotlinJsCompilerTypeHolder                   : loaded 2 times (x 66B)
Class org.jetbrains.kotlin.gradle.tasks.KotlinTasksProvider                           : loaded 2 times (x 68B)
Class org.jetbrains.kotlin.gradle.dsl.DefaultToolchainSupport$wireToolchainToTasks$1  : loaded 2 times (x 75B)
Class org.objectweb.asm.Symbol                                                        : loaded 2 times (x 69B)
Class com.google.common.base.AbstractIterator                                         : loaded 2 times (x 76B)
Class com.google.common.io.Closer                                                     : loaded 2 times (x 74B)
Class org.jetbrains.kotlin.statistics.metrics.BooleanOverridePolicy                   : loaded 2 times (x 81B)
Class org.jetbrains.kotlin.config.ApiVersion$Companion                                : loaded 2 times (x 67B)
Class org.jetbrains.kotlin.build.report.metrics.BuildAttributes                       : loaded 2 times (x 68B)
Class org.jetbrains.kotlin.gradle.plugin.mpp.compilationImpl.KotlinCompilationImpl    : loaded 2 times (x 132B)
Class com.google.common.io.Java8Compatibility                                         : loaded 2 times (x 67B)
Class org.jetbrains.kotlin.gradle.plugin.KotlinSourceSet$Companion                    : loaded 2 times (x 67B)
Class [Lorg.jetbrains.kotlin.gradle.report.BuildReportMode;                           : loaded 2 times (x 65B)
Class com.google.common.collect.RegularImmutableMap$Values                            : loaded 2 times (x 203B)
Class com.google.common.collect.ImmutableSet                                          : loaded 2 times (x 141B)
Class com.google.common.base.CharMatcher$BitSetMatcher                                : loaded 2 times (x 108B)
Class com.google.common.base.CharMatcher$Ascii                                        : loaded 2 times (x 108B)
Class org.gradle.internal.classloader.ClassLoaderSpec                                 : loaded 2 times (x 67B)
Class org.jetbrains.kotlin.gradle.internal.transforms.ClasspathEntrySnapshotTransform$Parameters$Inject: loaded 2 times (x 100B)
Class org.jetbrains.kotlin.gradle.tasks.DefaultKotlinJavaToolchain$DefaultJavaToolchainSetter: loaded 2 times (x 71B)
Class org.jetbrains.kotlin.build.report.metrics.BuildAttributeKind                    : loaded 2 times (x 75B)
Class org.jetbrains.kotlin.gradle.plugin.sources.KotlinDependencyScopeKt              : loaded 2 times (x 67B)
Class org.jetbrains.kotlin.compilerRunner.CompilerSystemPropertiesService$Companion$registerIfAbsent$2$1: loaded 2 times (x 75B)
Class org.jetbrains.kotlin.gradle.plugin.mpp.KotlinCompilationsKt$addSourcesToKotlinCompileTask$1: loaded 2 times (x 75B)
Class org.jetbrains.kotlin.gradle.internal.KotlinDependenciesManagementKt$configureDefaultVersionsResolutionStrategy$1$1: loaded 2 times (x 75B)
Class org.jetbrains.kotlin.gradle.tooling.BuildKotlinToolingMetadataTaskKt$buildKotlinToolingMetadataTask$1: loaded 2 times (x 74B)
Class org.jetbrains.kotlin.gradle.internal.Kapt3GradleSubplugin$Companion             : loaded 2 times (x 67B)
Class org.objectweb.asm.AnnotationWriter                                              : loaded 2 times (x 75B)
Class com.google.common.cache.CacheStats                                              : loaded 2 times (x 67B)
Class com.google.common.io.Closer$Suppressor                                          : loaded 2 times (x 66B)
Class com.google.common.io.LineProcessor                                              : loaded 2 times (x 66B)
Class org.jetbrains.kotlin.config.MavenComparableVersion$ListItem                     : loaded 2 times (x 214B)
Class org.jetbrains.kotlin.gradle.plugin.KotlinCompilationInfo$KPM                    : loaded 2 times (x 85B)
Class org.jetbrains.kotlin.gradle.tasks.configuration.TaskConfigAction$configureTask$1: loaded 2 times (x 75B)
Class org.jetbrains.kotlin.gradle.dsl.JvmTarget                                       : loaded 2 times (x 75B)
Class org.jetbrains.kotlin.gradle.plugin.VariantImplementationFactories$Inject        : loaded 2 times (x 92B)
Class org.objectweb.asm.RecordComponentWriter                                         : loaded 2 times (x 74B)
Class com.google.common.util.concurrent.AbstractFuture$Listener                       : loaded 2 times (x 68B)
Class com.google.common.base.CharMatcher$Or                                           : loaded 2 times (x 108B)
Class Settings_gradle$1$1                                                             : loaded 2 times (x 70B)
Class org.jetbrains.kotlin.gradle.tasks.KotlinCompile_Decorated                       : loaded 2 times (x 546B)
Class org.jetbrains.kotlin.gradle.targets.js.dsl.KotlinWasmSubTargetContainerDsl      : loaded 2 times (x 66B)
Class com.google.common.collect.ForwardingSet                                         : loaded 2 times (x 147B)
Class [Lorg.jetbrains.kotlin.utils.DescriptionAware;                                  : loaded 2 times (x 65B)
Class org.jetbrains.kotlin.gradle.plugin.KotlinSourceSetContainer                     : loaded 2 times (x 66B)
Class org.objectweb.asm.Attribute                                                     : loaded 2 times (x 73B)
Class com.google.common.base.Supplier                                                 : loaded 2 times (x 66B)
Class org.gradle.internal.classloader.VisitableURLClassLoader                         : loaded 2 times (x 113B)
Class org.jetbrains.kotlin.gradle.plugin.KotlinGradleBuildServices$Inject             : loaded 2 times (x 96B)
Class [Lorg.jetbrains.kotlin.gradle.plugin.sources.KotlinDependencyScope;             : loaded 2 times (x 65B)
Class org.jetbrains.kotlin.gradle.plugin.mpp.compilationImpl.factory.ConfigurationNaming: loaded 2 times (x 66B)
Class org.jetbrains.kotlin.gradle.utils.SingleActionPerProject                        : loaded 2 times (x 69B)
Class org.jetbrains.kotlin.gradle.dsl.DefaultToolchainSupport$wireToolchainToTasks$1$1: loaded 2 times (x 75B)
Class com.google.common.util.concurrent.AbstractFuture$Waiter                         : loaded 2 times (x 68B)
Class org.jetbrains.kotlin.gradle.plugin.DefaultKotlinBasePlugin                      : loaded 2 times (x 78B)
Class org.gradle.internal.Cast                                                        : loaded 2 times (x 67B)
Class org.gradle.api.Action                                                           : loaded 2 times (x 66B)
Class jdk.internal.jimage.decompressor.ZipDecompressor                                : loaded 2 times (x 71B)
Class org.jetbrains.kotlin.gradle.dsl.KotlinTargetContainerWithWasmPresetFunctions    : loaded 2 times (x 66B)
Class com.google.common.collect.Sets                                                  : loaded 2 times (x 67B)
Class org.objectweb.asm.Handler                                                       : loaded 2 times (x 68B)
Class com.google.common.base.Ticker                                                   : loaded 2 times (x 68B)
Class com.google.common.base.Strings                                                  : loaded 2 times (x 67B)
Class com.google.common.base.CharMatcher$FastMatcher                                  : loaded 2 times (x 107B)
Class org.jetbrains.kotlin.gradle.tasks.KotlinCompile$javaSources$1                   : loaded 2 times (x 121B)
Class org.jetbrains.kotlin.gradle.utils.FileUtilsKt                                   : loaded 2 times (x 67B)
Class org.jetbrains.kotlin.tooling.core.MutableExtrasImpl                             : loaded 2 times (x 161B)
Class [Lcom.google.common.cache.LocalCache$Segment;                                   : loaded 2 times (x 65B)
Class [Lcom.google.common.cache.LocalCache$Strength;                                  : loaded 2 times (x 65B)
Class com.google.common.cache.CacheBuilder$1                                          : loaded 2 times (x 81B)
Class com.google.common.collect.ImmutableMap                                          : loaded 2 times (x 116B)
Class com.google.common.base.Predicate                                                : loaded 2 times (x 66B)
Class org.gradle.internal.classpath.DefaultClassPath$ImmutableUniqueList$Builder      : loaded 2 times (x 71B)
Class org.jetbrains.kotlin.gradle.plugin.mpp.KotlinCompilationFactory$DefaultImpls    : loaded 2 times (x 67B)
Class com.google.common.collect.AbstractRangeSet                                      : loaded 2 times (x 110B)
Class com.google.gson.stream.JsonToken                                                : loaded 2 times (x 75B)
Class org.jetbrains.kotlin.gradle.dsl.KotlinCommonCompilerToolOptions                 : loaded 2 times (x 66B)
Class org.jetbrains.kotlin.gradle.targets.metadata.KotlinMetadataTargetConfiguratorKt : loaded 2 times (x 67B)
Class org.jetbrains.kotlin.gradle.testing.internal.KotlinTestsRegistry$Companion      : loaded 2 times (x 67B)
Class com.google.common.cache.LocalCache                                              : loaded 2 times (x 183B)
Class com.google.common.cache.CacheBuilder$2                                          : loaded 2 times (x 68B)
Class com.google.common.base.CharMatcher$NegatedFastMatcher                           : loaded 2 times (x 109B)
Class Build_gradle$inlined$sam$i$org_gradle_api_Action$0                              : loaded 2 times (x 71B)
Class org.jetbrains.kotlin.gradle.tasks.AbstractKotlinCompile$kotlinLogger$2          : loaded 2 times (x 75B)
Class org.jetbrains.kotlin.build.report.metrics.BuildPerformanceMetrics$Companion     : loaded 2 times (x 67B)
Class org.jetbrains.kotlin.gradle.plugin.mpp.compilationImpl.DefaultKotlinCompilationSourceSetsContainer$source$1: loaded 2 times (x 75B)
Class org.jetbrains.kotlin.gradle.internal.KotlinTestDependencyManagementKt           : loaded 2 times (x 67B)
Class org.jetbrains.kotlin.cli.common.arguments.K2JVMCompilerArguments                : loaded 2 times (x 73B)
Class [Lorg.jetbrains.kotlin.gradle.plugin.sources.ConsistencyCheck;                  : loaded 2 times (x 65B)
Class org.jetbrains.kotlin.config.LanguageVersion                                     : loaded 2 times (x 86B)
Class org.jetbrains.kotlin.gradle.report.ReportingSettings                            : loaded 2 times (x 68B)
Class org.jetbrains.kotlin.gradle.plugin.internal.BasePluginConfiguration$BasePluginConfigurationVariantFactory: loaded 2 times (x 66B)
Class org.jetbrains.kotlin.statistics.metrics.StringAnonymizationPolicy$ComponentVersionAnonymizer: loaded 2 times (x 74B)
Class [Lcom.google.common.collect.AbstractMapEntry;                                   : loaded 2 times (x 65B)
Class com.google.common.collect.ImmutableEntry                                        : loaded 2 times (x 78B)
Class com.google.common.collect.ArrayListMultimap                                     : loaded 2 times (x 168B)
Class com.google.common.base.AbstractIterator$1                                       : loaded 2 times (x 67B)
Class com.google.common.base.CharMatcher$Digit                                        : loaded 2 times (x 108B)
Class org.jetbrains.kotlin.gradle.plugin.KotlinBasePluginWrapper                      : loaded 2 times (x 83B)
Class org.gradle.api.GradleException                                                  : loaded 2 times (x 78B)
Class jdk.internal.jimage.ImageStrings                                                : loaded 2 times (x 66B)
Class org.apache.commons.io.StandardLineSeparator                                     : loaded 2 times (x 75B)
Class com.google.common.base.Suppliers$MemoizingSupplier                              : loaded 2 times (x 75B)
Class org.jetbrains.kotlin.gradle.dsl.KotlinJvmCompilerOptions                        : loaded 2 times (x 66B)
Class org.jetbrains.kotlin.gradle.plugin.ProjectLocalConfigurations$ProjectLocalCompatibility: loaded 2 times (x 72B)
Class com.google.common.collect.CollectPreconditions                                  : loaded 2 times (x 67B)
Class com.google.common.base.CharMatcher$JavaIsoControl                               : loaded 2 times (x 108B)
Class [Lcom.google.common.io.FileWriteMode;                                           : loaded 2 times (x 65B)
Class org.jetbrains.kotlin.gradle.internal.transforms.ClasspathEntrySnapshotTransform$Parameters_Decorated: loaded 2 times (x 129B)
Class org.jetbrains.kotlin.gradle.plugin.statistics.KotlinBuildStatHandler$Companion  : loaded 2 times (x 67B)
Class com.google.common.collect.SortedMapDifference                                   : loaded 2 times (x 66B)
Class com.google.common.base.CharMatcher$JavaLowerCase                                : loaded 2 times (x 107B)
Class Build_gradle$1$1                                                                : loaded 2 times (x 74B)
Class com.google.common.io.Files                                                      : loaded 2 times (x 67B)
Class com.google.common.cache.LocalCache$WriteThroughEntry                            : loaded 2 times (x 75B)
Class com.google.common.cache.LocalCache$HashIterator                                 : loaded 2 times (x 82B)
Class org.jetbrains.kotlin.gradle.dsl.KotlinVersion$Companion                         : loaded 2 times (x 67B)
Class org.jetbrains.kotlin.gradle.tasks.DefaultKotlinJavaToolchain$DefaultJdkSetter   : loaded 2 times (x 72B)
Class org.jetbrains.kotlin.gradle.plugin.mpp.KotlinOnlyTarget                         : loaded 2 times (x 137B)
Class org.jetbrains.kotlin.gradle.targets.js.npm.BaseNpmDependencyExtension           : loaded 2 times (x 66B)
Class org.jetbrains.kotlin.cli.common.arguments.CommonCompilerArguments               : loaded 2 times (x 73B)
Class org.jetbrains.kotlin.gradle.InternalKotlinGradlePluginApi                       : loaded 2 times (x 66B)
Class org.jetbrains.kotlin.gradle.dsl.DefaultToolchainSupport                         : loaded 2 times (x 72B)
Class com.google.common.cache.LocalCache$EntryFactory                                 : loaded 2 times (x 79B)
Class com.google.common.reflect.Types$NativeTypeVariableEquals                        : loaded 2 times (x 67B)
Class com.google.common.reflect.TypeParameter                                         : loaded 2 times (x 68B)
Class org.jetbrains.kotlin.gradle.tasks.TaskOutputsBackup                             : loaded 2 times (x 68B)
Class org.jetbrains.kotlin.gradle.utils.ParsedGradleVersion                           : loaded 2 times (x 70B)
Class com.google.common.collect.NullsLastOrdering                                     : loaded 2 times (x 111B)
Class org.jetbrains.kotlin.gradle.internal.StdlibDependencyManagementKt$configureStdlibVersionAlignment$1$1: loaded 2 times (x 75B)
Class org.jetbrains.kotlin.gradle.tasks.TasksProviderKt$sam$org_gradle_api_Action$0   : loaded 2 times (x 71B)
Class org.jetbrains.kotlin.gradle.tooling.BuildKotlinToolingMetadataTask$FromKotlinExtension: loaded 2 times (x 313B)
Class org.jetbrains.kotlin.tooling.core.HasMutableExtras                              : loaded 2 times (x 66B)
Class com.google.common.cache.LocalCache$AbstractReferenceEntry                       : loaded 2 times (x 103B)
Class com.google.common.base.Splitter$1$1                                             : loaded 2 times (x 82B)
Class com.google.common.base.CharMatcher$Whitespace                                   : loaded 2 times (x 108B)
Class org.gradle.internal.IoActions                                                   : loaded 2 times (x 67B)
Class org.jetbrains.kotlin.statistics.metrics.BooleanOverridePolicy$OR                : loaded 2 times (x 81B)
Class org.jetbrains.kotlin.gradle.internal.Kapt3KotlinGradleSubpluginKt               : loaded 2 times (x 67B)
Class org.jetbrains.kotlin.gradle.dsl.KotlinJvmCompile                                : loaded 2 times (x 66B)
Class com.google.common.collect.ImmutableRangeSet$ComplementRanges                    : loaded 2 times (x 203B)
Class org.jetbrains.kotlin.gradle.internal.Kapt3GradleSubplugin                       : loaded 2 times (x 79B)
Class org.jetbrains.kotlin.gradle.plugin.UsesVariantImplementationFactories           : loaded 2 times (x 66B)
Class org.objectweb.asm.SymbolTable                                                   : loaded 2 times (x 68B)
Class com.google.common.cache.CacheLoader$InvalidCacheLoadException                   : loaded 2 times (x 78B)
Class com.google.common.collect.ImmutableSet$RegularSetBuilderImpl                    : loaded 2 times (x 73B)
Class com.google.common.base.CharMatcher$SingleWidth                                  : loaded 2 times (x 108B)
Class org.gradle.internal.classloader.SystemClassLoaderSpec                           : loaded 2 times (x 67B)
Class org.jetbrains.kotlin.gradle.tasks.CacheableTasksKt$cacheOnlyIfEnabledForKotlin$1$1: loaded 2 times (x 74B)
Class [Lorg.jetbrains.kotlin.statistics.metrics.BooleanOverridePolicy;                : loaded 2 times (x 65B)
Class org.jetbrains.kotlin.gradle.tasks.configuration.BaseKotlinCompileConfig$1$1     : loaded 2 times (x 75B)
Class org.jetbrains.kotlin.gradle.plugin.mpp.compilationImpl.factory.KotlinCompilationImplFactory$PostConfigure: loaded 2 times (x 66B)
Class org.jetbrains.kotlin.gradle.plugin.mpp.AbstractKotlinTarget$kotlinComponents$2  : loaded 2 times (x 75B)
Class org.jetbrains.kotlin.gradle.plugin.KotlinPlatformType$CompatibilityRule         : loaded 2 times (x 72B)
Class com.google.common.cache.LocalCache$StrongEntry                                  : loaded 2 times (x 104B)
Class com.google.common.util.concurrent.AbstractFuture$TrustedFuture                  : loaded 2 times (x 110B)
Class com.google.common.cache.LoadingCache                                            : loaded 2 times (x 66B)
Class jdk.internal.jrtfs.JrtFileSystem                                                : loaded 2 times (x 98B)
Class com.google.common.io.ByteStreams$LimitedInputStream                             : loaded 2 times (x 88B)
Class com.google.common.base.Suppliers$NonSerializableMemoizingSupplier               : loaded 2 times (x 75B)
Class org.jetbrains.kotlin.gradle.tasks.GradleCompileTaskProvider                     : loaded 2 times (x 68B)
Class org.jetbrains.kotlin.gradle.plugin.mpp.compilationImpl.factory.KotlinCompilationDependencyConfigurationsFactoriesKt: loaded 2 times (x 67B)
Class org.jetbrains.kotlin.gradle.plugin.mpp.compilationImpl.DefaultKotlinCompilationFriendPathsResolver: loaded 2 times (x 71B)
Class org.jetbrains.kotlin.gradle.dsl.KotlinVersion                                   : loaded 2 times (x 75B)
Class org.objectweb.asm.MethodWriter                                                  : loaded 2 times (x 102B)
Class [Lcom.google.common.cache.Weigher;                                              : loaded 2 times (x 65B)
Class com.google.common.collect.RegularImmutableMap$BucketOverflowException           : loaded 2 times (x 78B)
Class jdk.internal.jimage.decompressor.CompressedResourceHeader                       : loaded 2 times (x 67B)
Class com.google.common.collect.AbstractMapBasedMultimap$RandomAccessWrappedList      : loaded 2 times (x 201B)
Class org.jetbrains.kotlin.gradle.plugin.sources.KotlinDependencyScope$Companion      : loaded 2 times (x 67B)
Class com.google.common.io.LineReader                                                 : loaded 2 times (x 68B)
Class org.jetbrains.kotlin.gradle.tasks.KotlinJvmCompile                              : loaded 2 times (x 66B)
Class org.jetbrains.kotlin.gradle.plugin.mpp.compilationImpl.KotlinCompilationSourceSetsContainerKt: loaded 2 times (x 67B)
Class org.jetbrains.kotlin.gradle.plugin.VariantImplementationFactories$Companion$getProvider$2$1$1: loaded 2 times (x 75B)
Class org.jetbrains.kotlin.gradle.report.BuildReportMode                              : loaded 2 times (x 75B)
Class org.jetbrains.kotlin.statistics.metrics.StringAnonymizationPolicy$RegexControlled: loaded 2 times (x 75B)
Class org.jetbrains.kotlin.statistics.ValueAnonymizer                                 : loaded 2 times (x 66B)
Class org.jetbrains.kotlin.gradle.plugin.statistics.KotlinBuildStatsService           : loaded 2 times (x 87B)
Class build_klt7fze4acvfnkdpt689vu36$_run_closure1$_closure3                          : loaded 2 times (x 135B)
Class build_7bmfx63roschkhhsilllnwlna                                                 : loaded 2 times (x 177B)
Class com.google.common.reflect.Types$JavaVersion$1                                   : loaded 2 times (x 79B)
Class org.jetbrains.kotlin.gradle.tasks.KotlinCompile$disableMultiModuleIC$2$1        : loaded 2 times (x 75B)
Class org.jetbrains.kotlin.gradle.tasks.DefaultKotlinJavaToolchain$javaExecutable$1   : loaded 2 times (x 75B)
Class org.jetbrains.kotlin.build.report.metrics.BuildAttribute                        : loaded 2 times (x 75B)
Class org.jetbrains.kotlin.gradle.plugin.mpp.compilationImpl.factory.DefaultKotlinCompilationTaskNamesContainerFactory: loaded 2 times (x 70B)
Class org.jetbrains.kotlin.tooling.core.ExtrasFactoryProperty                         : loaded 2 times (x 66B)
Class com.google.common.collect.RegularImmutableBiMap                                 : loaded 2 times (x 144B)
Class [Lorg.jetbrains.kotlin.gradle.targets.js.npm.NpmDependency$Scope;               : loaded 2 times (x 65B)
Class org.jetbrains.kotlin.gradle.plugin.KotlinCompilerPluginSupportPlugin            : loaded 2 times (x 66B)
Class org.jetbrains.kotlin.gradle.plugin.mpp.AbstractKotlinTarget$components$2        : loaded 2 times (x 75B)
Class org.jetbrains.kotlin.gradle.utils.AndroidPluginIdsKt                            : loaded 2 times (x 67B)
Class org.jetbrains.kotlin.gradle.plugin.mpp.KotlinUsages$setupAttributesMatchingStrategy$1: loaded 2 times (x 74B)
Class com.google.common.cache.LocalCache$ValueReference                               : loaded 2 times (x 66B)
Class com.google.common.base.CharMatcher$Negated                                      : loaded 2 times (x 109B)
Class com.google.common.base.CharMatcher$Is                                           : loaded 2 times (x 107B)
Class org.jetbrains.kotlin.gradle.plugin.KotlinBasePlugin                             : loaded 2 times (x 66B)
Class NativePluginLoader$getPlugins                                                   : loaded 2 times (x 148B)
Class com.google.common.reflect.Types$JavaVersion$2                                   : loaded 2 times (x 79B)
Class com.google.common.reflect.Types                                                 : loaded 2 times (x 67B)
Class org.jetbrains.kotlin.gradle.tasks.internal.KotlinJvmOptionsCompat               : loaded 2 times (x 99B)
Class com.google.common.hash.PrimitiveSink                                            : loaded 2 times (x 66B)
Class org.jetbrains.kotlin.cli.common.arguments.CommonToolArguments                   : loaded 2 times (x 68B)
Class org.jetbrains.kotlin.gradle.plugin.statistics.KotlinBuildStatHandler            : loaded 2 times (x 67B)
Class org.jetbrains.kotlin.gradle.logging.GradleLoggingUtilsKt                        : loaded 2 times (x 67B)
Class com.google.common.util.concurrent.AbstractFuture$Failure                        : loaded 2 times (x 68B)
Class com.google.common.base.Equivalence$Equals                                       : loaded 2 times (x 78B)
Class com.google.common.collect.Hashing                                               : loaded 2 times (x 67B)
Class com.google.common.base.PatternCompiler                                          : loaded 2 times (x 66B)
Class com.google.common.base.Preconditions                                            : loaded 2 times (x 67B)
Class [Lorg.apache.commons.io.file.DeleteOption;                                      : loaded 2 times (x 65B)
Class com.google.common.reflect.Types$JavaVersion$3                                   : loaded 2 times (x 79B)
Class com.google.common.io.CharSink                                                   : loaded 2 times (x 75B)
Class org.jetbrains.kotlin.compilerRunner.GradleCompilerRunner$Companion              : loaded 2 times (x 67B)
Class com.google.common.collect.ByFunctionOrdering                                    : loaded 2 times (x 111B)
Class org.jetbrains.kotlin.gradle.dsl.KotlinTargetContainerWithNativeShortcuts        : loaded 2 times (x 66B)
Class com.google.common.base.Joiner$1                                                 : loaded 2 times (x 76B)
Class org.objectweb.asm.Label                                                         : loaded 2 times (x 69B)
Class org.objectweb.asm.CurrentFrame                                                  : loaded 2 times (x 69B)
Class org.objectweb.asm.ClassTooLargeException                                        : loaded 2 times (x 79B)
Class com.google.gson.stream.JsonReader                                               : loaded 2 times (x 93B)
Class com.google.common.collect.PeekingIterator                                       : loaded 2 times (x 66B)
Class com.google.common.base.CharMatcher                                              : loaded 2 times (x 107B)
Class com.google.common.reflect.Types$JavaVersion$4                                   : loaded 2 times (x 79B)
Class com.google.common.collect.Maps$IteratorBasedAbstractMap                         : loaded 2 times (x 121B)
Class org.jetbrains.kotlin.config.MavenComparableVersion$Item                         : loaded 2 times (x 66B)
Class org.jetbrains.kotlin.build.report.metrics.BuildAttributes$Companion             : loaded 2 times (x 67B)
Class org.jetbrains.kotlin.gradle.tasks.KotlinCompilationTask                         : loaded 2 times (x 66B)
Class org.jetbrains.kotlin.gradle.plugin.mpp.compilationImpl.factory.KotlinCompilationImplFactory$ProcessResourcesTaskNameFactory: loaded 2 times (x 66B)
Class com.google.common.collect.RangeGwtSerializationDependencies                     : loaded 2 times (x 67B)
Class org.jetbrains.kotlin.gradle.internal.KotlinDependenciesManagementKt             : loaded 2 times (x 67B)
Class com.google.common.base.Joiner$2                                                 : loaded 2 times (x 75B)
Class org.objectweb.asm.Frame                                                         : loaded 2 times (x 69B)
Class org.objectweb.asm.MethodVisitor                                                 : loaded 2 times (x 101B)
Class com.google.common.cache.LocalCache$EntryFactory$1                               : loaded 2 times (x 79B)
Class [Lcom.google.common.cache.RemovalListener;                                      : loaded 2 times (x 65B)
Class com.google.common.base.CharMatcher$1                                            : loaded 2 times (x 109B)
Class com.google.common.base.CharMatcher$NamedFastMatcher                             : loaded 2 times (x 108B)
Class com.google.common.reflect.Types$JavaVersion$5                                   : loaded 2 times (x 67B)
Class [Lcom.google.common.reflect.Types$ClassOwnership;                               : loaded 2 times (x 65B)
Class org.jetbrains.kotlin.compilerRunner.UsesCompilerSystemPropertiesService         : loaded 2 times (x 66B)
Class org.jetbrains.kotlin.tooling.core.ExtrasProperty                                : loaded 2 times (x 66B)
Class org.jetbrains.kotlin.gradle.plugin.mpp.compilationImpl.KotlinCompilationSourceSetInclusion$Companion: loaded 2 times (x 67B)
Class com.google.common.collect.RangeSet                                              : loaded 2 times (x 66B)
Class [Lorg.jetbrains.kotlin.gradle.plugin.sources.android.AndroidVariantType;        : loaded 2 times (x 65B)
Class org.jetbrains.kotlin.gradle.plugin.sources.android.AndroidVariantType           : loaded 2 times (x 75B)
Class org.jetbrains.kotlin.gradle.plugin.mpp.KotlinVariant                            : loaded 2 times (x 96B)
Class org.jetbrains.kotlin.gradle.plugin.VariantImplementationFactories               : loaded 2 times (x 72B)
Class com.google.common.cache.LocalCache$EntryFactory$2                               : loaded 2 times (x 79B)
Class org.gradle.api.internal.classpath.GlobalCacheRootsProvider                      : loaded 2 times (x 66B)
Class com.google.common.collect.Multimaps                                             : loaded 2 times (x 67B)
Class org.jetbrains.kotlin.tooling.core.Extras$Entry$Companion                        : loaded 2 times (x 67B)
Class com.google.common.collect.CollectCollectors                                     : loaded 2 times (x 67B)
Class org.jetbrains.kotlin.gradle.internal.CompilerArgumentAware                      : loaded 2 times (x 66B)
Class org.objectweb.asm.ModuleWriter                                                  : loaded 2 times (x 78B)
Class com.google.common.cache.LocalCache$EntryFactory$3                               : loaded 2 times (x 79B)
Class com.google.common.base.Ticker$1                                                 : loaded 2 times (x 68B)
Class com.google.common.collect.ImmutableMapEntrySet$RegularEntrySet                  : loaded 2 times (x 147B)
Class com.google.common.collect.Maps$BiMapConverter                                   : loaded 2 times (x 86B)
Class org.jetbrains.kotlin.gradle.utils.ProviderApiUtilsKt                            : loaded 2 times (x 67B)
Class org.jetbrains.kotlin.compilerRunner.GradleCompilerRunner                        : loaded 2 times (x 69B)
Class com.google.common.collect.SetMultimap                                           : loaded 2 times (x 66B)
Class org.jetbrains.kotlin.gradle.plugin.sources.FragmentConsistencyChecks            : loaded 2 times (x 68B)
Class org.jetbrains.kotlin.gradle.internal.tasks.TaskWithLocalState                   : loaded 2 times (x 66B)
Class org.jetbrains.kotlin.statistics.metrics.BooleanMetrics                          : loaded 2 times (x 76B)
Class com.google.common.cache.LocalCache$EntryFactory$4                               : loaded 2 times (x 79B)
Class com.google.common.collect.ImmutableSet$Builder                                  : loaded 2 times (x 81B)
Class com.google.common.base.CharMatcher$InRange                                      : loaded 2 times (x 107B)
Class com.google.common.io.ByteStreams$1                                              : loaded 2 times (x 81B)
Class org.jetbrains.kotlin.gradle.plugin.sources.KotlinDependencyScopeKt$WhenMappings : loaded 2 times (x 67B)
Class com.google.common.collect.ReverseOrdering                                       : loaded 2 times (x 111B)
Class org.jetbrains.kotlin.gradle.plugin.sources.FragmentConsistencyChecks$languageVersionCheck$1: loaded 2 times (x 75B)
Class org.jetbrains.kotlin.gradle.plugin.mpp.DecoratedKotlinCompilation               : loaded 2 times (x 180B)
Class [Lorg.jetbrains.kotlin.gradle.plugin.KotlinPlatformType;                        : loaded 2 times (x 65B)
Class com.google.common.cache.LocalCache$EntryFactory$5                               : loaded 2 times (x 79B)
Class org.jetbrains.kotlin.gradle.utils.ParsedGradleVersionKt                         : loaded 2 times (x 67B)
Class org.apache.commons.io.output.AppendableWriter                                   : loaded 2 times (x 96B)
Class org.jetbrains.kotlin.gradle.tasks.configuration.BaseKotlinCompileConfig$1       : loaded 2 times (x 75B)
Class org.jetbrains.kotlin.gradle.plugin.mpp.compilationImpl.factory.ConfigurationNaming$Default: loaded 2 times (x 71B)
Class org.jetbrains.kotlin.gradle.plugin.mpp.compilationImpl.KotlinCompilationSourceSetInclusion: loaded 2 times (x 68B)
Class com.google.common.collect.HashMultimap                                          : loaded 2 times (x 170B)
Class org.jetbrains.kotlin.gradle.plugin.KotlinMultiplatformPluginKt                  : loaded 2 times (x 67B)
Class org.jetbrains.kotlin.gradle.plugin.sources.DefaultLanguageSettingsBuilder       : loaded 2 times (x 86B)
Class org.jetbrains.kotlin.gradle.plugin.sources.FragmentConsistencyChecks$languageVersionCheck$2: loaded 2 times (x 74B)
Class org.jetbrains.kotlin.gradle.dsl.KotlinTargetContainerWithPresetFunctions        : loaded 2 times (x 66B)
Class org.jetbrains.kotlin.gradle.utils.GradleConfigurationUtilsKt                    : loaded 2 times (x 67B)
Class com.google.common.cache.LocalCache$EntryFactory$6                               : loaded 2 times (x 79B)
Class org.gradle.internal.installation.CurrentGradleInstallationLocator               : loaded 2 times (x 67B)
Class org.apache.commons.io.output.ThresholdingOutputStream                           : loaded 2 times (x 90B)
Class org.jetbrains.kotlin.gradle.plugin.mpp.pm20.util.UtilsKt                        : loaded 2 times (x 67B)
Class org.jetbrains.kotlin.gradle.tasks.DefaultKotlinJavaToolchain$getToolsJarFromJvm$1: loaded 2 times (x 75B)
Class org.jetbrains.kotlin.gradle.tasks.configuration.BaseKotlinCompileConfig$2       : loaded 2 times (x 75B)
Class com.google.common.collect.Maps$KeySet                                           : loaded 2 times (x 133B)
Class org.jetbrains.kotlin.gradle.plugin.mpp.InternalKotlinCompilation                : loaded 2 times (x 66B)
Class org.jetbrains.kotlin.gradle.plugin.KotlinPluginWrapperKt                        : loaded 2 times (x 67B)
Class com.google.common.cache.LocalCache$EntryFactory$7                               : loaded 2 times (x 79B)
Class com.google.common.collect.ImmutableSet$EmptySetBuilderImpl                      : loaded 2 times (x 72B)
Class com.google.common.collect.ImmutableList                                         : loaded 2 times (x 202B)
Class org.gradle.internal.service.DefaultServiceLocator                               : loaded 2 times (x 79B)
Class jdk.internal.jrtfs.JrtDirectoryStream                                           : loaded 2 times (x 85B)
Class com.google.common.collect.Maps$EntrySet                                         : loaded 2 times (x 132B)
Class org.jetbrains.kotlin.gradle.tasks.KotlinCompile$scriptExtensions$1              : loaded 2 times (x 75B)
Class org.jetbrains.kotlin.incremental.ChangedFiles                                   : loaded 2 times (x 67B)
Class org.jetbrains.kotlin.compilerRunner.CompilerSystemPropertiesService$Companion$registerIfAbsent$1: loaded 2 times (x 75B)
Class com.google.common.collect.ComparisonChain$InactiveComparisonChain               : loaded 2 times (x 76B)
Class com.google.common.collect.ImmutableAsList                                       : loaded 2 times (x 205B)
Class org.jetbrains.kotlin.statistics.metrics.StringAnonymizationPolicy$AllowedListAnonymizer$Companion: loaded 2 times (x 67B)
Class org.jetbrains.kotlin.gradle.testing.internal.KotlinTestsRegistry                : loaded 2 times (x 68B)
Class com.google.common.cache.LocalCache$EntryFactory$8                               : loaded 2 times (x 79B)
Class com.google.common.collect.ImmutableSet$SetBuilderImpl                           : loaded 2 times (x 72B)
Class org.gradle.internal.installation.CurrentGradleInstallation                      : loaded 2 times (x 69B)
Class org.jetbrains.kotlin.gradle.plugin.AbstractKotlinPm20PluginWrapper              : loaded 2 times (x 83B)
Class org.jetbrains.kotlin.gradle.tasks.KotlinCompilerExecutionStrategy               : loaded 2 times (x 75B)
Class org.jetbrains.kotlin.gradle.plugin.sources.DefaultKotlinSourceSet$special$$inlined$Iterable$1: loaded 2 times (x 75B)
Class org.jetbrains.kotlin.gradle.plugin.mpp.compilationImpl.factory.KotlinCompilationImplFactory$KotlinCompilerOptionsFactory$Options: loaded 2 times (x 68B)
Class org.jetbrains.kotlin.tooling.core.Extras$Type$Companion                         : loaded 2 times (x 67B)
Class com.google.common.collect.ForwardingObject                                      : loaded 2 times (x 68B)
Class org.jetbrains.kotlin.gradle.plugin.KotlinCompilation                            : loaded 2 times (x 66B)
Class org.jetbrains.kotlin.gradle.plugin.KotlinTargetConfiguratorKt                   : loaded 2 times (x 67B)
Class com.google.common.cache.CacheLoader$1                                           : loaded 2 times (x 71B)
Class com.google.common.collect.ImmutableList$SubList                                 : loaded 2 times (x 204B)
Class org.gradle.util.internal.GUtil                                                  : loaded 2 times (x 67B)
Class com.google.common.io.ByteSource                                                 : loaded 2 times (x 80B)
Class org.jetbrains.kotlin.gradle.plugin.mpp.KotlinCompilationFactory                 : loaded 2 times (x 66B)
Class org.jetbrains.kotlin.gradle.plugin.mpp.AbstractKotlinCompilation                : loaded 2 times (x 180B)
Class com.google.common.util.concurrent.AbstractFuture$SetFuture                      : loaded 2 times (x 71B)
Class com.google.common.cache.AbstractCache$StatsCounter                              : loaded 2 times (x 66B)
Class com.google.common.reflect.Types$TypeVariableImpl                                : loaded 2 times (x 68B)
Class org.jetbrains.kotlin.gradle.targets.js.dsl.KotlinJsSubTargetContainerDsl        : loaded 2 times (x 66B)
Class com.google.common.io.LineBuffer                                                 : loaded 2 times (x 71B)
Class org.jetbrains.kotlin.tooling.core.MutableExtrasImpl$Companion                   : loaded 2 times (x 67B)
Class org.jetbrains.kotlin.gradle.plugin.KotlinGradleBuildServices$Companion$registerIfAbsent$1: loaded 2 times (x 75B)
Class com.google.common.collect.Iterators$MergingIterator                             : loaded 2 times (x 77B)
Class com.google.common.collect.RegularImmutableSet                                   : loaded 2 times (x 144B)
Class org.gradle.internal.installation.GradleInstallation                             : loaded 2 times (x 71B)
Class jdk.internal.jimage.decompressor.ResourceDecompressor$StringsProvider           : loaded 2 times (x 66B)
Class org.jetbrains.kotlin.gradle.tasks.KotlinJavaToolchain                           : loaded 2 times (x 66B)
Class org.jetbrains.kotlin.gradle.plugin.mpp.compilationImpl.factory.KotlinCompilationImplFactory$create$1: loaded 2 times (x 75B)
Class com.google.common.collect.ForwardingCollection                                  : loaded 2 times (x 126B)
Class com.google.common.collect.LexicographicalOrdering                               : loaded 2 times (x 111B)
Class com.google.common.collect.Iterables                                             : loaded 2 times (x 67B)
Class com.google.common.base.Splitter$Strategy                                        : loaded 2 times (x 66B)
Class org.jetbrains.kotlin.gradle.plugin.mpp.KotlinJvmCompilation                     : loaded 2 times (x 190B)
Class org.jetbrains.kotlin.gradle.plugin.KotlinCompilation$Companion                  : loaded 2 times (x 67B)
Class org.jetbrains.kotlin.gradle.utils.ParsedGradleVersion$Companion                 : loaded 2 times (x 67B)
Class org.jetbrains.kotlin.gradle.dsl.ToolchainSupport$Companion                      : loaded 2 times (x 67B)
Class org.jetbrains.kotlin.gradle.plugin.KotlinSourceSet                              : loaded 2 times (x 66B)

---------------  S Y S T E M  ---------------

OS:
 Windows 10 , 64 bit Build 19041 (10.0.19041.5794)
OS uptime: 0 days 2:57 hours

CPU: total 8 (initial active 8) (4 cores per cpu, 2 threads per core) family 6 model 142 stepping 12 microcode 0xca, cx8, cmov, fxsr, ht, mmx, 3dnowpref, sse, sse2, sse3, ssse3, sse4.1, sse4.2, popcnt, lzcnt, tsc, tscinvbit, avx, avx2, aes, erms, clmul, bmi1, bmi2, adx, fma, vzeroupper, clflush, clflushopt, rdtscp, f16c
Processor Information for the first 8 processors :
  Max Mhz: 2112, Current Mhz: 1609, Mhz Limit: 1605

Memory: 4k page, system-wide physical 3917M (50M free)
TotalPageFile size 15693M (AvailPageFile size 514M)
current process WorkingSet (physical memory assigned to process): 161M, peak: 1092M
current process commit charge ("private bytes"): 1352M, peak: 2551M

vm_info: OpenJDK 64-Bit Server VM (21.0.6+-13368085-b895.109) for windows-amd64 JRE (21.0.6+-13368085-b895.109), built on 2025-04-16T17:01:31Z by "builder" with MS VC++ 16.10 / 16.11 (VS2019)

END.
